热门查询,点击次数,展示,点击率,排名
永懷賦,51,197,25.89%,3.28
四言敝而有楚辭,51,126,40.48%,2.5
老饕賦,27,153,17.65%,5.48
秋暮遣懷,26,114,22.81%,2.51
塞下曲 王昌齡,22,403,5.46%,5.61
江城子 歐陽炯,18,326,5.52%,4.16
白玉堂前春解舞,17,150,11.33%,3.73
盲者說,15,143,10.49%,4.52
念奴嬌 自述,14,17,82.35%,1
客至,13,1291,1.01%,9.88
清平樂 五月十五夜玩月,12,123,9.76%,7.98
太行路,12,84,14.29%,10.07
江南逢李龜年,11,1002,1.1%,7.43
錢塘湖春行,11,532,2.07%,7.68
山翠繞湖 容態百逞,11,54,20.37%,2.87
月夜劉方平,10,178,5.62%,6.92
夢遊天姥吟留別,9,531,1.69%,8.46
李賀將進酒,9,263,3.42%,6.14
江畔獨步尋花,9,150,6%,8.01
送樸山人歸新羅,9,46,19.57%,2.3
魯山山行,8,135,5.93%,5.81
王國維蝶戀花,8,105,7.62%,7.14
送朴山人歸新羅,8,19,42.11%,2.37
望月有感,7,360,1.94%,6.56
四時田園雜興,7,106,6.6%,5.82
鍾嶸 詩品序,7,94,7.45%,4.28
雪梅 盧梅坡,7,81,8.64%,6.59
秋風秋雨愁煞人寒宵獨坐心如搗,7,72,9.72%,5.15
白玉堂前春解舞人物,7,64,10.94%,3.2
節令門端陽,7,59,11.86%,4.69
南鄉子 重陽日宜州城樓宴集即席作,7,46,15.22%,3.96
盧梅坡 雪梅,7,46,15.22%,6.93
臨安春雨初霽,6,283,2.12%,8.95
遣悲懷其二,6,142,4.23%,5.56
春雨 李商隱,6,137,4.38%,8.45
苦齋記,6,134,4.48%,6.76
可樓記,6,47,12.77%,3.26
房兵曹胡馬,5,304,1.64%,7
塞下曲二,5,191,2.62%,6.37
山中送別,5,159,3.14%,10.45
蟬 李商隱,5,121,4.13%,8.43
打馬圖經,5,115,4.35%,9.27
西湖七月半,5,113,4.42%,12.78
王國維 蝶戀花,5,106,4.72%,6.82
昨日歌,5,57,8.77%,6.42
觀潮 蘇軾,5,49,10.2%,9.33
華子岡,5,31,16.13%,4.13
塞下曲其二王昌齡,5,24,20.83%,5.58
劉禹錫竹枝詞九首,5,22,22.73%,5.27
送別王維,4,500,0.8%,9.84
長歌行李白,4,409,0.98%,7.99
詩品序,4,172,2.33%,6.42
送窮文,4,152,2.63%,8.68
偶成 朱熹,4,144,2.78%,6.12
長沙過賈誼宅,4,106,3.77%,6.26
於潛僧綠筠軒,4,97,4.12%,7.78
霜降水痕收,4,84,4.76%,6.01
籌筆驛 李商隱,4,64,6.25%,7.75
竹枝詞九首,4,61,6.56%,4.75
雷庵正受,4,52,7.69%,3.5
王昌齡 塞下曲,4,44,9.09%,5.68
旅宿 杜牧,4,43,9.3%,7.44
崔道融 梅花,4,42,9.52%,7.07
南鄉子 蘇軾,4,40,10%,7.15
百忍歌,4,38,10.53%,6.26
天魔嬈佛,4,38,10.53%,9
論語三則,4,35,11.43%,4.94
春雁,4,34,11.76%,5.09
屈原廟賦,4,27,14.81%,4.44
送友人,4,26,15.38%,31.46
岳飛傳 畢沅,4,24,16.67%,6.08
哀江頭,3,317,0.95%,8.35
吳懷氏之民歟,3,214,1.4%,4.52
沈復閨房記樂,3,163,1.84%,7.1
同學一首別子固,3,147,2.04%,7.8
江村 杜甫,3,145,2.07%,10.51
李龜年,3,143,2.1%,9.75
勸學 顏真卿,3,122,2.46%,7.18
遊沙湖,3,100,3%,6
白玉堂前春解舞 東風捲得均勻,3,90,3.33%,5.29
山中與幽人對酌,3,87,3.45%,8.77
雲一緺 玉一梭,3,76,3.95%,7.82
塞下曲其二,3,70,4.29%,7.01
一剪梅李清照,3,67,4.48%,12.73
盧梅坡,3,56,5.36%,6.43
玉樓春 晏殊,3,55,5.45%,6.85
賈生 李商隱,3,54,5.56%,9.48
古今詞人格調之高 無如白石。惜不於意境上用力 故覺無言外之味、弦外之響。終不能與於第一流之作者也。,3,53,5.66%,4.4
城闕輔三秦風煙望五津倒裝,3,53,5.66%,6.04
同題仙遊觀,3,48,6.25%,5.04
李賀 將進酒,3,47,6.38%,5.21
夢李白其二,3,44,6.82%,6.91
許穆夫人,3,42,7.14%,11.38
賈島 劍客,3,41,7.32%,7.78
江樓感舊,3,40,7.5%,6.33
擬行路難,3,36,8.33%,7.83
漁歌子 張志和,3,35,8.57%,6.14
經鄒魯祭孔子而嘆之,3,28,10.71%,9.54
江城子 欧阳炯,3,23,13.04%,4.48
白居易 太行路,3,18,16.67%,4.28
念奴嬌 高啟,3,10,30%,2.8
客至 杜甫,2,241,0.83%,8.9
獄中寄子由,2,232,0.86%,7.74
辛棄疾滿江紅,2,183,1.09%,6.59
閨房記樂,2,182,1.1%,9.13
杜甫 客至,2,174,1.15%,11.24
桃花庵歌,2,164,1.22%,13.51
上李邕,2,159,1.26%,8.5
城闕輔三秦 風煙望五津,2,138,1.45%,7.27
塞下曲王昌齡,2,127,1.57%,5.96
月夜 劉方平,2,118,1.69%,7.17
江村杜甫,2,117,1.71%,7.68
自題金山畫像,2,117,1.71%,8.79
遠別離,2,113,1.77%,6.8
詠懷古蹟其三,2,100,2%,5.71
杜甫客至,2,98,2.04%,10.44
陶庵夢憶序,2,96,2.08%,5.78
唐詩三百首將進酒,2,85,2.35%,9.26
閱盡天涯離別苦,2,78,2.56%,7.87
浮生六記 閨房記樂,2,75,2.67%,7
辛夷塢,2,75,2.67%,11.87
山泉煎茶有懷,2,73,2.74%,5.75
永怀赋,2,70,2.86%,5.51
沁園春 蘇軾,2,70,2.86%,8.59
顧橫波,2,68,2.94%,5.63
春日 朱熹,2,67,2.99%,6.66
夢李白其一,2,66,3.03%,8.59
世說新語捷悟意思,2,65,3.08%,8.86
守株待兔 韓非子,2,64,3.12%,7.75
使至塞上,2,64,3.12%,13.22
西施詠,2,60,3.33%,6.72
臺城,2,59,3.39%,6.78
古柏行,2,59,3.39%,8.31
越中覽古,2,56,3.57%,6.27
錢塘湖,2,56,3.57%,6.91
採蓮子唐詩,2,54,3.7%,7.83
畫 王維,2,48,4.17%,14.46
辛夷塢 王維,2,47,4.26%,7.87
詩品序翻譯,2,45,4.44%,4.36
山坡羊寓興,2,45,4.44%,5.71
蘇軾 觀潮,2,45,4.44%,7.69
山中送別 王維,2,45,4.44%,8.67
襄陽歌,2,43,4.65%,6.51
南呂 一枝花 不伏老,2,43,4.65%,8.07
終南別業,2,43,4.65%,18.49
月下獨酌四首,2,42,4.76%,11.05
沈復 閨房記樂,2,40,5%,6.42
蟬李商隱,2,39,5.13%,10.82
古謂禽獸亦知人倫,2,37,5.41%,4
蕭相國世家,2,35,5.71%,7
水檻遣心,2,32,6.25%,6.75
黃鶴樓唐詩,2,31,6.45%,15.06
朱熹偶成,2,30,6.67%,7.2
憶江南白居易,2,28,7.14%,9.96
四時田園雜興其二,2,26,7.69%,4.12
閱江樓記,2,26,7.69%,9.38
招魂 楚辭,2,25,8%,6.96
清明日宴梅道士房,2,24,8.33%,5.67
聞王昌齡,2,24,8.33%,6.38
落日松風起,2,24,8.33%,7.54
停雲 陶淵明,2,23,8.7%,8.57
臨江仙李清照,2,23,8.7%,8.91
綠么遍 自述,2,22,9.09%,3.64
贈孟浩然李白,2,22,9.09%,9.14
太行路 白居易,2,21,9.52%,4.33
河中之水歌,2,21,9.52%,8.1
王冕 白梅,2,18,11.11%,3.67
岑勳,2,18,11.11%,4.89
打馬圖序,2,18,11.11%,6.39
勸學詩翻譯,2,18,11.11%,10.78
洛陽名園記,2,18,11.11%,11.5
鬼谷子 權篇,2,17,11.76%,5.65
李商隱蟬,2,17,11.76%,7.29
孤雁詩,2,16,12.5%,7.12
韓非子 守株待兔,2,16,12.5%,7.25
使至塞上 王維,2,12,16.67%,10.58
貫雲石,2,11,18.18%,14.64
金銅仙人辭漢歌,2,10,20%,7.9
烈女操,2,8,25%,9
飲馬長城窟行題目,2,7,28.57%,41.29
戊申歲六月中遇火,2,6,33.33%,4
道德經第七章,2,6,33.33%,27.33
和劉柴桑,2,4,50%,3.25
子畏於匡,2,2,100%,31
應化非真,2,2,100%,41.5
回車駕言邁,1,620,0.16%,8.3
杜甫 孤雁,1,178,0.56%,7.98
青青陵上柏,1,154,0.65%,8.31
乳鴨池塘水淺深 熟梅天氣半晴陰 季節,1,152,0.66%,6.21
城闕輔三秦,1,127,0.79%,7.63
徐紫雲,1,126,0.79%,7.07
辛夷塢王維,1,122,0.82%,7.73
春花秋月何時了,1,117,0.85%,23.02
六國論 蘇轍,1,115,0.87%,7.54
春去春來 管送別,1,114,0.88%,3.39
客至杜甫,1,103,0.97%,12.49
廬山謠寄盧侍御虛舟,1,101,0.99%,7.45
畫眉鳥寓意,1,101,0.99%,7.84
題竹林寺,1,98,1.02%,8.33
櫻桃桑椹與菖蒲 更買雄黃酒一壺,1,96,1.04%,4.5
孤雁 杜甫,1,95,1.05%,7.33
醉翁亭記,1,91,1.1%,16.47
東望山陰何處是,1,76,1.32%,8.62
苦晝短,1,72,1.39%,9.99
江城子歐陽炯,1,71,1.41%,4.39
春日朱熹,1,69,1.45%,8.2
月下獨酌,1,69,1.45%,70.39
雪梅唐詩,1,68,1.47%,8.21
洞仙歌,1,68,1.47%,12.07
風煙望五津,1,67,1.49%,7.97
贈花卿,1,67,1.49%,10.69
聽箏 詩,1,65,1.54%,6.95
杜甫 江村,1,64,1.56%,9.73
將進酒,1,64,1.56%,33.09
尊經閣記,1,61,1.64%,7.46
李商隱 蟬,1,60,1.67%,7.7
顧貞觀 金縷曲,1,59,1.69%,8.2
清平樂 李清照,1,58,1.72%,6.1
守株待兔韓非子,1,58,1.72%,7.36
王維 辛夷塢,1,55,1.82%,7.55
元稹 遣悲懷,1,55,1.82%,9.93
辛棄疾水調歌頭,1,54,1.85%,7.41
辛延年,1,54,1.85%,8.09
望薊門,1,54,1.85%,10.04
聽箏 李端,1,53,1.89%,7.08
劍客唐詩,1,52,1.92%,6.58
勸學顏真卿,1,51,1.96%,8
臨安春雨初霽 陸游,1,51,1.96%,8.37
吾始至海南 環視天水無際,1,50,2%,6.02
庭院深深深幾許李清照,1,50,2%,7.82
松風閣詩帖翻譯,1,50,2%,9.2
盲者說翻譯,1,49,2.04%,5.22
自題金山畫像詩,1,49,2.04%,8.06
江南春 杜牧,1,49,2.04%,12.35
籌筆驛,1,48,2.08%,8.19
石頭城 劉禹錫,1,48,2.08%,9.06
城闕輔三秦倒裝,1,44,2.27%,5.34
遣懷 杜牧,1,43,2.33%,7.79
江上吟,1,43,2.33%,9.4
李商隱 春雨,1,42,2.38%,6.07
歸嵩山作,1,41,2.44%,8.1
窗前誰種芭蕉樹,1,40,2.5%,7.03
永懷古蹟其三,1,40,2.5%,7.35
古廟杉松巢水鶴 歲時伏臘走村翁,1,39,2.56%,8.69
夢遊天姥吟留別 李白,1,38,2.63%,7.08
李白 夢遊天姥吟留別,1,38,2.63%,7.08
過香積寺,1,38,2.63%,8.92
洛陽女兒行,1,37,2.7%,8.14
諸葛亮論,1,36,2.78%,5.08
望月有感 白居易,1,36,2.78%,7.31
閣夜 杜甫,1,36,2.78%,7.69
大鐵椎傳,1,36,2.78%,8.5
歸去來兮詩詞,1,36,2.78%,10.25
桃花溪,1,36,2.78%,10.44
歸去來兮,1,35,2.86%,26.17
宴梅道士山房,1,34,2.94%,6.38
別老母,1,34,2.94%,6.65
遣悲懷其三,1,34,2.94%,9.24
六國論蘇轍,1,33,3.03%,7.61
觀書有感其二,1,33,3.03%,10.09
定風波 南海歸贈王定國侍人寓娘,1,33,3.03%,10.91
國仇未報壯士老 匣中寶劍夜有聲,1,32,3.12%,5.38
謝逸,1,32,3.12%,6.62
蘇轍六國論,1,32,3.12%,8.44
徐州中秋,1,31,3.23%,8.39
行香子 過七里瀨,1,30,3.33%,7.83
晚晴 李商隱,1,30,3.33%,8.23
望廬山瀑布 李白,1,30,3.33%,8.5
雜詩其二陶淵明,1,29,3.45%,6.9
李賀 苦晝短,1,29,3.45%,7.41
清平樂 五月十五夜玩月 劉克莊,1,29,3.45%,7.52
梨花淡白柳深青 柳絮飛時花滿城。 惆悵東欄一株雪 人生看得幾清明。,1,29,3.45%,8.28
世說新語德行第一,1,29,3.45%,8.97
雲鬆螺髻,1,28,3.57%,5.29
白居易 望月有感,1,28,3.57%,5.61
終日看山不厭山 買山終待老山間。 山花落盡山長在 山水空流山自閒。,1,28,3.57%,8.18
李白 上李邕,1,28,3.57%,8.61
調笑令,1,28,3.57%,8.79
行香子,1,28,3.57%,9.68
不伏老,1,27,3.7%,7.89
喬吉,1,27,3.7%,9.74
戰城南 李白,1,26,3.85%,8.27
里仁篇第一章,1,25,4%,5.84
大鵬一日同風起 扶搖直上九萬里。,1,24,4.17%,7.04
大鵬一日同風起，扶搖直上九萬里,1,24,4.17%,8.12
捭闔之道,1,24,4.17%,8.54
臨江仙 蘇軾,1,24,4.17%,8.67
畫眉鳥歐陽修,1,23,4.35%,9.91
秦韜玉,1,23,4.35%,9.96
李白 將進酒,1,23,4.35%,34.43
田單列傳,1,22,4.55%,6.91
人生愁恨何能免 銷魂獨我情何限,1,22,4.55%,9.41
客至內容,1,22,4.55%,9.86
上書諫獵,1,22,4.55%,10.23
贈孟浩然,1,22,4.55%,16.09
時難年荒世業空,1,21,4.76%,6.67
水調歌頭 辛棄疾,1,21,4.76%,7.33
殿前歡 次酸齋韻,1,20,5%,4.5
長歌行 李白,1,20,5%,8.15
嫦娥 李商隱,1,20,5%,19.6
癸卯歲始春懷古田舍二首,1,19,5.26%,5.26
送魏萬之京,1,19,5.26%,6.21
周邦彥,1,19,5.26%,17.11
香巾拂玉席 共郎登樓寢,1,18,5.56%,6.39
悲回風,1,18,5.56%,7.56
鳳凰臺上憶吹簫,1,18,5.56%,8.39
杜耒 寒夜,1,18,5.56%,8.67
俠客行 詩,1,18,5.56%,9.44
辛延年 羽林郎,1,18,5.56%,9.5
遣悲懷,1,18,5.56%,14.22
過故人莊,1,18,5.56%,27.78
李白 月下獨酌,1,18,5.56%,48.28
范成大 四時田園雜興,1,17,5.88%,5.76
庾信文章老更成,1,17,5.88%,7.06
張可久 殿前歡,1,17,5.88%,7.82
清平樂 晏殊,1,17,5.88%,8.53
王維山中送別,1,17,5.88%,10.82
清平樂 劉克莊,1,16,6.25%,8.75
冥冥而趨,1,15,6.67%,3.13
水仙子 詠江南,1,15,6.67%,5.13
霜皮溜雨四十圍,1,15,6.67%,6
一枝花不伏老,1,15,6.67%,9
澗戶寂無人 紛紛開且落,1,15,6.67%,9.33
張旭桃花溪,1,15,6.67%,9.4
陳涉是誰,1,15,6.67%,10.4
陶淵明歸園田居五首,1,15,6.67%,12.87
蹇叔哭師,1,15,6.67%,14.33
陵雲臺樓觀精巧,1,14,7.14%,5.64
鷓鴣天原上草,1,14,7.14%,5.64
濰縣署中寄舍弟墨第一書,1,14,7.14%,5.93
爭臣論,1,14,7.14%,8.21
魚玄機,1,14,7.14%,62.14
月下獨酌其四,1,13,7.69%,7.62
崔明府,1,13,7.69%,11.38
聞王昌齡左,1,12,8.33%,6.75
杜甫 江南逢李龜年,1,12,8.33%,10.25
屈原 涉江,1,12,8.33%,13.33
悼亡詩,1,12,8.33%,24.92
石鐘山記,1,12,8.33%,34.83
白梅 王冕,1,11,9.09%,4
趙鼎,1,11,9.09%,6.64
先師有遺訓,1,11,9.09%,7
詔問山中何所有賦詩以答,1,11,9.09%,8.73
觀潮蘇軾,1,11,9.09%,8.91
雜詩 陶淵明,1,11,9.09%,15.73
持經功德分第十五,1,11,9.09%,29.82
聲聲慢 李清照,1,11,9.09%,42.45
定風波,1,11,9.09%,78.64
喜春來 永康驛中,1,10,10%,6.4
墨梅 王冕,1,10,10%,8.1
李商隱 籌筆驛,1,10,10%,8.6
龜年,1,10,10%,9.7
李冶,1,10,10%,12.6
近試上張水部,1,10,10%,21.9
竹枝詞,1,10,10%,59.2
鬼谷子權篇,1,9,11.11%,5.44
世說新語任誕第二十三語譯,1,9,11.11%,6.22
桃花庵 唐寅,1,9,11.11%,8
凌余陣兮躐余行 左驂殪兮右刃傷,1,9,11.11%,9.89
陶淵明 停雲,1,9,11.11%,14.44
王維送別,1,9,11.11%,17
玉樓春 春恨,1,8,12.5%,5.12
矛與盾,1,8,12.5%,7.5
李煜 子夜歌,1,8,12.5%,8.25
可與共學 未可與適道,1,8,12.5%,9.62
政之所興 在順民心 政之所廢 在逆民心,1,8,12.5%,10
採桑子 重陽,1,8,12.5%,10.88
終南別業 王維,1,8,12.5%,13.12
臨江仙詩詞,1,8,12.5%,15.12
杜牧 江南春,1,8,12.5%,19.62
彈琴 劉長卿,1,8,12.5%,21.88
魯山山行 主旨,1,7,14.29%,3
和郭主簿,1,7,14.29%,4.29
喜春來永康驛中,1,7,14.29%,6.57
梁父吟成恨有餘,1,7,14.29%,7.29
蝶戀花王國維,1,7,14.29%,7.57
五月十九日大雨,1,7,14.29%,7.86
道德經第十九章,1,7,14.29%,12.14
諡法解,1,7,14.29%,12.71
陸凱,1,7,14.29%,13.71
張養浩 山坡羊,1,7,14.29%,25.29
操則存 舍則亡 出入無時 莫知其鄉,1,7,14.29%,32.29
江樓有感,1,6,16.67%,4.33
荀子 天論,1,6,16.67%,11.33
蹇叔哭師翻譯,1,6,16.67%,13.83
元好問,1,6,16.67%,43.83
劉禹錫 竹枝詞,1,6,16.67%,48.5
庖丁解牛,1,6,16.67%,75.33
世說新語 巧藝,1,5,20%,3.4
少小雖非投筆吏 論功還欲請長纓,1,5,20%,7.4
秋思 張籍,1,5,20%,8
世說新語捷悟,1,5,20%,8.8
李商隱賈生,1,5,20%,10
道德經第六章,1,5,20%,20.8
韓愈潮州鱷魚,1,4,25%,6.5
唐寅桃花庵歌,1,4,25%,8.75
蘇東坡 臨江仙,1,4,25%,10
蘇軾詞全集,1,4,25%,11.75
楊慎詩詞,1,4,25%,17.5
西江月 辛棄疾,1,4,25%,17.75
戰城南,1,4,25%,34.75
君子有終身之憂,1,4,25%,62.25
小倅,1,3,33.33%,3
遊鐘山 王安石,1,3,33.33%,3.33
任誕第二十三,1,3,33.33%,6.67
飲馬渡秋水 水寒風似刀,1,3,33.33%,9
酬張少府,1,3,33.33%,16
韓愈 進學解,1,3,33.33%,27
西湖 詩,1,3,33.33%,30
虞美人 李煜,1,3,33.33%,33.33
念天地之悠悠 獨愴然而涕下,1,3,33.33%,38.67
别老母,1,2,50%,4.5
左傳僖公二十三年翻譯,1,2,50%,5
辛棄疾定風波,1,2,50%,6
歸隱田居 其一,1,2,50%,11
憶王孫,1,2,50%,12
夢繞雲山心似鹿 魂驚湯火命如雞,1,2,50%,12.5
歐陽修醉翁亭記,1,2,50%,13.5
一道殘陽鋪水中半江瑟瑟半江紅的瑟瑟在古代是一種,1,2,50%,18
六識出六門,1,2,50%,44
辛丑歲七月赴假還江陵夜行塗口,1,1,100%,5
從軍行王昌齡,1,1,100%,9
惠崇,1,1,100%,9
孫子兵法地形篇,1,1,100%,11
待到秋來九月八我花開後百花殺沖天香陣透長安滿城盡帶黃金甲,1,1,100%,11
胡馬依北風越鳥巢南枝借喻,1,1,100%,11
浙江之潮,1,1,100%,12
別來春半 觸目愁腸斷,1,1,100%,16
唐詩紅豆詞,1,1,100%,19
秋登宣城謝朓北樓,1,1,100%,19
白居易錢塘湖春行,1,1,100%,23
遣懷,1,1,100%,24
漁家傲李清照,1,1,100%,26
捭闔策,1,1,100%,27
季路問事鬼神,1,1,100%,30
樊增祥,1,1,100%,30
論語先進翻譯,1,1,100%,30
子華使於齊,1,1,100%,34
客至的詩眼,1,1,100%,35
王維終南山,1,1,100%,35
可欲之謂善,1,1,100%,36
子路、曾皙、冉有、公西華侍坐,1,1,100%,40
民之歸仁也 猶水之就下 獸之走壙也,1,1,100%,44
西江月 世事一場大夢,1,1,100%,45
常自見己過與道即相當,1,1,100%,51
或安而行之或利而行之或勉強而行之及其成功一也,1,1,100%,62
李商隱錦瑟賞析,1,1,100%,70
雲無心以出岫，鳥倦飛而知還,1,1,100%,72
益者三樂,1,1,100%,83
蘭亭詩翻譯,1,1,100%,104
浪淘沙蘇軾,0,334,0%,9
歸園田居其二,0,317,0%,8.89
仙人之兮列如麻,0,279,0%,8.18
歸去來兮意思,0,269,0%,9.8
仙之人兮列如麻,0,194,0%,8.86
奉贈韋左丞丈二十二韻,0,153,0%,8.08
秋風秋雨愁煞人,0,146,0%,9.56
南來飛燕北歸鴻,0,133,0%,8.52
白髮老閒事,0,124,0%,7.51
十五夜觀燈,0,121,0%,6.8
陳情表,0,115,0%,37.58
俠客行李白,0,104,0%,10.59
陌上桑,0,102,0%,12.53
大德歌夏,0,98,0%,6.45
大鵬一日同風起,0,97,0%,13.79
蘇轍 六國論,0,92,0%,8.59
登樓,0,91,0%,26.92
積雨輞川莊作,0,90,0%,9.8
畫眉鳥 歐陽修,0,89,0%,9.97
子固,0,89,0%,10.76
歸去來兮辭,0,88,0%,12.92
登池上樓,0,87,0%,7.41
紅錦袍,0,85,0%,6.56
到門不敢題凡鳥 看竹何須問主人,0,81,0%,7.54
歸 園田 居,0,81,0%,63.26
大德歌 夏,0,80,0%,6.99
俠客行 李白,0,79,0%,13.33
書戴嵩畫牛,0,78,0%,8.5
閣夜,0,77,0%,6.45
杜甫江村,0,76,0%,8.97
春風一夜到衡陽 楚水燕山萬里長。莫怪春來便歸去 江南雖好是他鄉,0,75,0%,7.95
玉樓春 李煜,0,75,0%,8.37
東欄梨花,0,75,0%,8.97
墨詩詞,0,74,0%,8.93
安定城樓,0,70,0%,7.21
扶搖直上九萬里,0,69,0%,8.83
李賀,0,68,0%,14.25
賀進士王參元失火書,0,67,0%,7.78
姑舍汝所學而從我,0,65,0%,7.91
雪梅其二,0,64,0%,6.95
寄李十二白二十韻,0,64,0%,7.41
陶者,0,63,0%,5.89
水調歌頭 徐州中秋,0,63,0%,8.16
息夫人 王維,0,63,0%,8.33
登 樓,0,63,0%,43.41
勤學詩,0,62,0%,9.23
沁園春長沙,0,62,0%,11.24
管樂有才終不忝人物,0,61,0%,8.48
論語 雍也,0,61,0%,10.41
晚登三山還望京邑,0,60,0%,8.57
廬山草堂記,0,60,0%,8.93
送友人入蜀,0,59,0%,7.8
牧童唐詩,0,58,0%,8.69
題臨安邸,0,56,0%,10.14
詠懷古跡其五,0,55,0%,8.31
賣 柑 者 言,0,55,0%,59.07
德行第一,0,54,0%,8.89
山中送別王維,0,54,0%,10.09
何皎皎,0,53,0%,9.51
虞美人春花秋月何時了,0,52,0%,21.98
獨飲 詩,0,51,0%,9.37
惡乎介也,0,51,0%,33.39
桃花扇 哀江南,0,50,0%,6.44
迴車駕言邁,0,50,0%,10.02
庭院深深深幾許,0,50,0%,19.7
玉階怨 李白,0,49,0%,8.43
金陵城西樓月下吟,0,48,0%,8.31
水調歌頭徐州中秋,0,48,0%,8.5
青溪 王維,0,48,0%,8.65
文心雕龍 知音,0,48,0%,9.58
春夜洛城聞笛,0,48,0%,9.88
休相問 怕相問,0,47,0%,8.13
沙丘城下寄杜甫,0,47,0%,10.77
白玉堂前春解舞 東風捲得均勻。蜂圍蝶陣亂紛紛 幾曾隨逝水 何必委芳塵 萬縷千絲終不改 任他隨聚隨分。韶華休笑本無根 好風憑借力 送我上青雲。,0,46,0%,4.5
蔡琰,0,46,0%,13.33
安排無限銷魂事 江城子,0,45,0%,1.36
蘭陵王 周邦彥,0,45,0%,10
送東陽馬生序,0,45,0%,23.13
月 下 獨 酌,0,45,0%,61.62
可樓記 語譯,0,44,0%,5.82
江南逢李龜年杜甫,0,44,0%,6.91
思君恩,0,44,0%,8.7
停雲陶淵明,0,44,0%,8.89
月令七十二候集解,0,44,0%,12.7
歸園田居其一,0,44,0%,16.34
楊慎,0,44,0%,23.8
形影神,0,43,0%,7.47
秋聲賦,0,43,0%,20.84
魚我所欲也,0,43,0%,34.21
春望,0,43,0%,49.7
蕭相國,0,42,0%,8.38
春夜喜雨,0,42,0%,13.6
陶盡門前土,0,41,0%,6.76
秋登蘭山寄張五,0,41,0%,7.78
悲陳陶,0,41,0%,9.56
始得西山宴遊記,0,41,0%,83.78
張志和 漁歌子,0,40,0%,7.72
送別 王維,0,40,0%,14.8
潘岳 悼亡詩,0,39,0%,6.59
劍客 賈島,0,39,0%,7.28
詠懷古跡其一,0,39,0%,7.49
冬夜讀書示子聿,0,39,0%,8.31
初發揚子寄元大校書,0,39,0%,8.77
哀江頭 杜甫,0,38,0%,8.55
秋登萬山寄張五,0,38,0%,8.79
答司馬諫議書,0,38,0%,8.79
石頭城劉禹錫,0,38,0%,9.61
西塞山前白鷺飛 桃花流水鱖魚肥,0,37,0%,12.27
遊子 吟,0,37,0%,63.59
滿眼不堪三月暮 舉頭已覺千山綠,0,36,0%,7.25
朱晦庵,0,36,0%,7.69
心似已灰之木 身如不繫之舟,0,36,0%,8.97
周興嗣,0,36,0%,9.03
論語雍也,0,36,0%,9.25
五柳先生傳,0,36,0%,64.14
隨園食單戒單翻譯,0,35,0%,4.06
一葉舟輕,0,35,0%,7.03
獨坐敬亭山五言絕句,0,35,0%,8.51
歸園田居,0,35,0%,32.77
魚 我 所 欲 也,0,35,0%,53.51
師說,0,35,0%,79.14
杜甫江南逢李龜年,0,34,0%,6.59
楚辭 招魂,0,34,0%,7.35
夢游天姥吟留別,0,34,0%,7.68
杜甫孤雁,0,33,0%,7.03
杜牧 旅宿,0,33,0%,7.27
熟梅天氣半晴陰 季節,0,33,0%,7.82
曉妝初過,0,33,0%,7.88
大鵬一日同風起 扶搖直上九萬里,0,33,0%,8.18
一枝花 不伏老,0,33,0%,8.85
千載琵琶作胡語 分明怨恨曲中論,0,33,0%,8.97
論語顏淵篇,0,33,0%,9.48
走筆謝孟諫議寄新茶,0,33,0%,9.55
客中初夏,0,33,0%,11.52
招魂 屈原,0,33,0%,11.76
李後主虞美人,0,33,0%,29.21
青玉 案 元 夕,0,33,0%,44.18
葉夢得,0,32,0%,7
願歲並謝 與長友兮,0,32,0%,7.59
長干曲其二,0,32,0%,8.19
江南春唐詩,0,32,0%,9.75
朱熹 偶成,0,31,0%,6.97
馮延巳 長命女,0,31,0%,7
臨江仙 夜歸臨皋,0,31,0%,8.35
吳柳先生,0,31,0%,9.26
李商隱 賈生,0,31,0%,10.16
論語雍也篇,0,30,0%,7.43
客至詩,0,30,0%,8.57
蘇軾觀潮,0,30,0%,9.97
十年磨一劍 霜刃未曾試。今日把示君 誰有不平事,0,30,0%,10.03
張松齡,0,30,0%,10.93
將進酒杯莫停但願長醉不願醒,0,30,0%,11.57
莫得其偶 得其環中,0,30,0%,59.8
滿江紅 辛棄疾,0,29,0%,5.79
廬山謠,0,29,0%,5.9
秋暮,0,29,0%,6.86
崔道融,0,29,0%,7.66
風煙望五津望意思,0,29,0%,7.69
少年俠氣,0,29,0%,8.86
蘇軾 臨江仙,0,29,0%,9.83
王維 送別,0,29,0%,23.72
武昌九曲亭記,0,28,0%,5.39
長安春望,0,28,0%,6.21
貧女 詩,0,28,0%,7.46
送孟東野序,0,28,0%,8.71
寒夜 杜耒,0,28,0%,8.89
贈孟浩然 李白,0,28,0%,8.96
涉江 屈原,0,28,0%,10.11
羽林郎,0,28,0%,12.11
送 友人,0,28,0%,39.46
始聞秋風,0,27,0%,3.37
問劉十九心得,0,27,0%,6.44
貧女 秦韜玉,0,27,0%,7.19
勤學詩詞,0,27,0%,8.41
歸去來兮 意思,0,27,0%,8.63
與夏十二登岳陽樓,0,27,0%,9.63
墨池記,0,27,0%,18.22
青玉 案,0,27,0%,47.04
遊子吟,0,27,0%,56.96
海月樓,0,27,0%,79.11
晏殊 玉樓春,0,26,0%,6.81
獄中寄子由二首,0,26,0%,6.96
菩薩蠻溫庭筠,0,26,0%,7.62
形影神三首,0,26,0%,7.81
無情最是臺城柳,0,26,0%,7.85
崔九堂前幾度聞,0,26,0%,8.58
未覺池塘春草夢 階前梧葉已秋聲,0,26,0%,8.58
所遇無故物 焉得不速老,0,26,0%,8.88
國殤 楚辭,0,26,0%,9
天末懷李白,0,26,0%,12.65
聞王昌齡左遷龍標遙有此寄,0,25,0%,7.32
碧城三首,0,25,0%,7.68
醜奴兒李清照,0,25,0%,8.36
短歌行李白,0,25,0%,8.68
聞笛唐詩,0,25,0%,9.56
王維 使至塞上,0,25,0%,9.88
廬山草堂記翻譯,0,25,0%,10.04
不第後賦菊,0,25,0%,10.52
莲花去国一千年,0,25,0%,10.8
李珠珣,0,25,0%,12.24
陶淵明 歸園田居,0,25,0%,14.84
江南春杜牧,0,25,0%,16.72
吾觀史鰍,0,24,0%,6.33
白雲來往青山在,0,24,0%,7
浪淘沙 蘇軾,0,24,0%,8.08
钱塘湖春行,0,24,0%,8.71
送郭司倉,0,24,0%,8.75
論語里仁篇,0,24,0%,9.38
憶江南三首,0,24,0%,10.21
張孝忠,0,24,0%,10.75
望廬山瀑布,0,24,0%,14.96
石壕吏,0,24,0%,21.33
水調歌頭,0,24,0%,79.54
月夜唐詩,0,23,0%,6.78
東飛伯勞歌,0,23,0%,6.87
惆悵東欄一株雪 人生看得幾清明,0,23,0%,7.04
指南錄後序,0,23,0%,8.17
玉樓春李煜,0,23,0%,8.57
白居易 夜雪,0,23,0%,8.87
畫眉鳥 詩,0,23,0%,9
留別王維,0,23,0%,9.48
明月何皎皎,0,23,0%,12.57
世說新語 德行,0,23,0%,13.26
姬昌,0,23,0%,14.65
唐雎不辱使命,0,23,0%,17.13
周邦彥玉樓春,0,22,0%,6.36
杜牧 遣懷,0,22,0%,8.23
遊沙湖 語譯,0,22,0%,8.23
永懷古蹟其五,0,22,0%,8.32
天孫一夜停機暇,0,22,0%,8.68
山下蘭芽短浸溪,0,22,0%,8.91
春雨 李商隐,0,22,0%,8.91
晚妝初過,0,22,0%,9.64
楚辭 國殤,0,22,0%,9.68
西塞山前白鷺飛,0,22,0%,11.86
李璟,0,22,0%,13.73
月夜 杜甫,0,22,0%,15.5
漁歌子,0,22,0%,23.45
周秉倫,0,22,0%,34.14
破陣子,0,22,0%,38.55
將 進 酒,0,22,0%,41.41
世 說 新語,0,22,0%,92.27
好花不與殢香人,0,21,0%,5.14
別舍弟宗一,0,21,0%,6.1
俏冤家 在天涯,0,21,0%,8.05
朱熹 春日,0,21,0%,8.33
金陵酒肆留別,0,21,0%,8.43
二龍爭戰決雌雄,0,21,0%,10
包融,0,21,0%,10.86
洞庭湖 詩,0,21,0%,11.19
大林寺桃花,0,21,0%,13.1
定風波 蘇軾,0,21,0%,51.38
飲馬長城窟行,0,21,0%,61.52
蘇軾定風波,0,21,0%,65.38
潘岳悼亡詩,0,20,0%,5.5
蝶戀花 王國維,0,20,0%,7.05
一念過差 足喪生平之善 終身檢飭 難蓋一事之愆。《菜根譚》,0,20,0%,7.25
陶淵明 形影神,0,20,0%,7.7
題袁氏別業,0,20,0%,8.9
碧城十二曲闌干,0,20,0%,9.1
曾鞏 墨池記,0,20,0%,9.45
長干行崔顥,0,20,0%,10.7
晏殊 清平樂,0,20,0%,10.8
鄒陽,0,20,0%,11.35
新安吏,0,20,0%,15.05
黃鶴樓 詩,0,20,0%,18.3
李白 俠客行,0,20,0%,21.9
國破山河在,0,20,0%,84.55
君今出言一何鄙,0,19,0%,4.26
新涼,0,19,0%,6
劍客賈島,0,19,0%,7.63
口技 林嗣環,0,19,0%,7.68
夜雪 白居易,0,19,0%,7.84
今日把示君 誰有不平事,0,19,0%,7.89
遣懷杜牧,0,19,0%,7.89
陸游長歌行,0,19,0%,7.95
翁宏,0,19,0%,8.32
周密 觀潮,0,19,0%,8.68
春風一夜到衡陽,0,19,0%,8.79
村晚 雷震,0,19,0%,9.16
臨江仙 詞牌,0,19,0%,9.21
天末,0,19,0%,9.42
杜牧江南春,0,19,0%,9.58
昔有佳人公孫氏,0,19,0%,9.63
題菊花,0,19,0%,9.68
田雯,0,19,0%,10
劉辰翁,0,19,0%,10.47
泊秦淮,0,19,0%,31.53
李白 將 進 酒,0,19,0%,31.58
杜工部蜀中離席,0,18,0%,4.28
天下方務於合從連橫,0,18,0%,5.56
胡地多飆風 樹木何修修,0,18,0%,5.61
管樂有才真不忝人物,0,18,0%,7.11
入彭蠡湖口,0,18,0%,7.28
夢遊天姥,0,18,0%,8.22
虞美人 詩,0,18,0%,8.33
世說新語 德行第一,0,18,0%,8.39
觀潮 周密,0,18,0%,8.67
齋中讀書,0,18,0%,8.78
杜甫絕句二首,0,18,0%,9.06
客至 詩,0,18,0%,9.44
李白 贈孟浩然,0,18,0%,9.56
率天下而路,0,18,0%,10.5
墨梅,0,18,0%,23
劉基,0,18,0%,26.11
祭鱷魚文,0,18,0%,40.28
賦得古原草送別,0,18,0%,52.67
馮諼客孟嘗君,0,18,0%,60.39
黃鶴樓送孟浩然之廣陵,0,18,0%,62.61
李白代表作,0,18,0%,72
送孟浩然之廣陵,0,18,0%,72.89
典論論文,0,18,0%,76.44
田叔,0,17,0%,7
未覺池塘春草夢 階前梧葉已秋聲。,0,17,0%,7.71
戰城南李白,0,17,0%,7.76
今日把示君，誰有不平事,0,17,0%,8.47
李白短歌行,0,17,0%,8.71
無由持一碗 寄與愛茶人,0,17,0%,8.94
雪梅 詩,0,17,0%,9.12
岐王宅裏尋常見,0,17,0%,9.29
竹枝詞其一,0,17,0%,9.29
錢塘湖春行 白居易,0,17,0%,9.29
王維 積雨輞川莊作,0,17,0%,9.41
今日長纓在手 何時縛住蒼龍,0,17,0%,9.53
畫王維,0,17,0%,10.06
世說新語 捷悟,0,17,0%,10.12
岐王宅裡尋常見,0,17,0%,11.76
送杜少府之任蜀州,0,17,0%,19.06
把酒問月,0,17,0%,19.82
臨江仙蘇軾,0,17,0%,26.18
李白將進酒,0,17,0%,28.29
後赤壁賦,0,17,0%,61.35
生於憂患死於安樂,0,17,0%,66.35
蘇軾 諸葛亮論,0,16,0%,5.81
蘇武廟,0,16,0%,6.06
試探春情,0,16,0%,6.62
杜甫 閣夜,0,16,0%,6.75
擲柳遷喬太有情,0,16,0%,7
懷沙賦,0,16,0%,7.88
六經者非他 吾心之常道也,0,16,0%,8.31
塞下曲六首,0,16,0%,8.94
騫翮思遠翥,0,16,0%,9.06
世說新語捷悟翻譯,0,16,0%,9.44
憫農詩其二,0,16,0%,9.5
深慮論,0,16,0%,9.56
人人親其親 長其長 而天下平,0,16,0%,9.75
其待我以橫逆 逆,0,16,0%,9.81
將進酒君莫停,0,16,0%,10.19
王維 觀獵,0,16,0%,10.75
憫農其二,0,16,0%,10.88
國殤 屈原,0,16,0%,11.06
塞下曲 李白,0,16,0%,14.12
藺相如完璧歸趙論,0,16,0%,14.62
李商隱 錦瑟,0,16,0%,17.19
春花秋月何時了往事知多少,0,16,0%,18.75
杜甫 登樓,0,16,0%,27.81
祭十二郎文,0,16,0%,28.94
論語 先進,0,16,0%,43
醉 翁 亭 記,0,16,0%,44.75
廬山煙雨浙江潮,0,16,0%,59.31
完璧歸趙,0,16,0%,84.56
蘭亭集序,0,16,0%,94.81
千家笑語漏遲遲,0,15,0%,5
劉方平月夜,0,15,0%,5.87
王安石 讀史,0,15,0%,6
杜耒,0,15,0%,6.87
漁家傲寄仲高,0,15,0%,7.13
打馬圖,0,15,0%,7.47
酬郭給事,0,15,0%,7.67
赤壁歌,0,15,0%,7.8
瞿佑,0,15,0%,8.07
大鵬一日同風起扶搖直上九萬里,0,15,0%,8.4
李煜 長相思,0,15,0%,8.53
憶秦娥·婁山關,0,15,0%,8.93
江上吟 李白,0,15,0%,9
曲池荷,0,15,0%,9.13
唐詩三百首黃鶴樓,0,15,0%,9.93
林嗣環,0,15,0%,9.93
歐陽修畫眉鳥,0,15,0%,10
食以草具,0,15,0%,10.2
孫子兵法 九變,0,15,0%,10.6
蘇武傳,0,15,0%,11
將進酒 李白,0,15,0%,25.87
陳人傑,0,15,0%,39.07
過零丁洋,0,15,0%,44.33
此時有子不如無,0,15,0%,51.53
春 望,0,15,0%,52.93
陶淵明,0,15,0%,85.2
江村詩,0,14,0%,5.5
寄韓諫議,0,14,0%,7.29
天涯 李商隱,0,14,0%,7.93
寒夜杜耒,0,14,0%,8.07
南鄉子詩,0,14,0%,8.21
菩提偈意思,0,14,0%,8.21
爭臣論語譯,0,14,0%,8.57
千古風流八詠樓 江山留與後人愁,0,14,0%,8.71
李白 短歌行,0,14,0%,8.79
狼三則其二,0,14,0%,8.79
懷沙賞析,0,14,0%,9.07
子夜歌 李煜,0,14,0%,9.21
蹇叔哭師意思,0,14,0%,9.5
陳涉世家原因,0,14,0%,9.57
送綦毋潛落第還鄉,0,14,0%,9.64
陳端生,0,14,0%,9.64
深慮論翻譯,0,14,0%,9.93
春夜喜雨 杜甫,0,14,0%,10.14
億江南,0,14,0%,10.36
駱賓王 在獄詠蟬,0,14,0%,10.71
卜算子李之儀,0,14,0%,10.86
歸園田居五首,0,14,0%,11.07
歐陽修 秋聲賦,0,14,0%,11.29
錦瑟 李商隱,0,14,0%,12.43
望嶽,0,14,0%,15.21
大鐵椎,0,14,0%,16.43
中庸第十八章,0,14,0%,17.14
春花秋月何時了往事知多少小樓昨夜又東風故國不堪回首月明中雕欄玉砌應猶在只是朱顏改問君能有幾多愁恰似一江春水向東流,0,14,0%,18.71
登樓 杜甫,0,14,0%,25.57
觀書有感,0,14,0%,28.14
定風波詩詞,0,14,0%,28.93
杜甫 春望,0,14,0%,36.93
無題 李商隱,0,14,0%,38.64
山居秋暝,0,14,0%,49.86
聲聲慢,0,14,0%,52.86
定風波蘇軾,0,14,0%,54.71
楓橋夜泊,0,14,0%,60.29
游子 吟,0,14,0%,79.07
浣溪沙·游蕲水清泉寺,0,13,0%,5.62
浣溪沙 遊蘄水清泉寺,0,13,0%,6.69
過廢園翻譯,0,13,0%,7.15
管子·牧民,0,13,0%,7.77
觀公孫大娘弟子舞劍器行,0,13,0%,7.92
王冕 墨梅,0,13,0%,8.77
核舟記,0,13,0%,8.92
日月不肯遲,0,13,0%,9.08
盛衰各有時 立身苦不早,0,13,0%,9.31
王維終南別業,0,13,0%,9.38
五津,0,13,0%,9.46
李白贈孟浩然,0,13,0%,9.54
畫眉鳥詩,0,13,0%,9.54
豫章行,0,13,0%,9.62
德行 第一,0,13,0%,9.77
遺悲懷是樂府詩嗎,0,13,0%,10.08
將進酒詩,0,13,0%,10.15
诗品序,0,13,0%,11.23
馬鈺,0,13,0%,11.69
世說新語德行,0,13,0%,12
貧女,0,13,0%,12.31
楊炎,0,13,0%,13
歐陽修 畫眉鳥,0,13,0%,16
吳克恭,0,13,0%,31.38
王維 畫,0,13,0%,32.62
獨坐敬亭山,0,13,0%,34.85
一剪梅 李清照,0,13,0%,37.62
藺相如完璧歸趙,0,13,0%,55.54
古詩十九首,0,13,0%,58.15
菩薩蠻,0,13,0%,67.92
憫農詩,0,13,0%,83.46
薄宦梗猶泛 故園蕪已平,0,12,0%,5.92
戒目食翻譯,0,12,0%,6.5
房兵曹胡馬詩,0,12,0%,6.5
連雨,0,12,0%,7.25
做冷欺花,0,12,0%,7.33
義公,0,12,0%,7.42
世說新語 假譎,0,12,0%,8
關漢卿 不伏老,0,12,0%,8.08
春日唐詩,0,12,0%,8.25
牧童 唐詩,0,12,0%,8.58
子聿,0,12,0%,8.83
張岱 西湖七月半,0,12,0%,9
辛幼安,0,12,0%,9.25
夜歸臨皋,0,12,0%,9.42
少年俠氣 交結五都雄。肝膽洞。毛發聳。立談中。死生同。一諾千金重,0,12,0%,9.42
采桑子·重阳,0,12,0%,9.42
雜詩其二,0,12,0%,9.42
李白客中行,0,12,0%,9.5
王國維人間詞話翻譯,0,12,0%,9.5
長干行 崔顥,0,12,0%,9.58
舊恨春江流不盡 新恨雲山千疊,0,12,0%,9.83
曾幾,0,12,0%,10.17
大林寺,0,12,0%,11
上樞密韓太尉書,0,12,0%,11.25
蘇軾臨江仙,0,12,0%,13.75
在獄詠蟬,0,12,0%,15.33
陶淵明歸園田居,0,12,0%,15.5
朋黨論,0,12,0%,40.42
別雲間,0,12,0%,45.5
崔顥,0,12,0%,54.75
錦瑟,0,12,0%,58.17
平準書,0,11,0%,4
詠懷古跡其三,0,11,0%,5.27
襄阳歌,0,11,0%,5.45
辛棄疾 滿江紅,0,11,0%,5.82
管樂有才終不忝,0,11,0%,6.73
王安石 同學一首別子固,0,11,0%,7
管子牧民,0,11,0%,7.64
不治生產 其後必致累人 專務交遊 其後必致累己,0,11,0%,8
致酒行,0,11,0%,8
長相思 李煜,0,11,0%,8.45
桃花庵歌 唐寅,0,11,0%,8.55
朱熹春日,0,11,0%,8.64
苦昼短,0,11,0%,8.73
江南逢李龜年語譯,0,11,0%,9.09
臨江仙詞牌,0,11,0%,9.27
李煜 玉樓春,0,11,0%,9.64
父母之不我愛,0,11,0%,9.82
夜雪,0,11,0%,10
李子正,0,11,0%,10.18
劉處玄,0,11,0%,10.73
廬山煙雨浙江潮翻譯,0,11,0%,11.27
虞美人詩,0,11,0%,12.64
玉階怨,0,11,0%,14
青玉碗元夕,0,11,0%,15.82
唐雎,0,11,0%,23.36
物莫之傷,0,11,0%,23.73
王仲文,0,11,0%,24.36
嫦娥李商隱,0,11,0%,28.73
雪梅,0,11,0%,30.45
韓愈 鱷魚,0,11,0%,34.09
羅貫中,0,11,0%,60.64
臨江仙,0,11,0%,66.36
送別 李叔同,0,11,0%,68.91
五代十國,0,11,0%,71.18
始 得 西山 宴 遊記,0,11,0%,84
就中難別是,0,10,0%,2.1
游沙湖,0,10,0%,4.5
始作鎮軍參軍經曲阿,0,10,0%,6.3
周邦彥 玉樓春,0,10,0%,6.7
孫光憲,0,10,0%,7.2
憶江南 白居易,0,10,0%,7.9
蘇東坡觀潮,0,10,0%,8
永懷古蹟,0,10,0%,8.4
王維 青溪,0,10,0%,8.4
移居二首,0,10,0%,8.4
上李邕 李白,0,10,0%,8.9
秋聲賦 歐陽修,0,10,0%,9
漢文有道恩猶薄 湘水無情弔豈知,0,10,0%,9.1
客致,0,10,0%,9.3
吳潛,0,10,0%,9.4
訪戴天山道士不遇,0,10,0%,9.4
輞川別業,0,10,0%,9.4
陳維崧,0,10,0%,9.5
昔西伯拘羑里,0,10,0%,9.6
楚辭 涉江,0,10,0%,9.6
衝煙飛鳴,0,10,0%,9.7
曹植 美女篇,0,10,0%,9.9
縱橫計不就 慷慨志猶存 就,0,10,0%,9.9
將進酒 杯莫停 但願長醉不願醒,0,10,0%,10.1
水檻,0,10,0%,10.1
論語述而篇,0,10,0%,10.1
江南逢李龟年,0,10,0%,11.3