排名靠前的网页,点击次数,展示,点击率,排名
https://eternalinkpoems.com/works/636676,157,475,33.05%,3.41
https://eternalinkpoems.com/works/949999,146,269,54.28%,2.46
https://eternalinkpoems.com/works/633795,92,602,15.28%,5.24
https://eternalinkpoems.com/works/633633,90,501,17.96%,4.85
https://eternalinkpoems.com/works/10489,74,1360,5.44%,6.27
https://eternalinkpoems.com/works/637463,66,308,21.43%,2.84
https://eternalinkpoems.com/works/636648,53,534,9.93%,5.79
https://eternalinkpoems.com/works/635764,52,1108,4.69%,6.87
https://eternalinkpoems.com/works/10023,49,1032,4.75%,6.64
https://eternalinkpoems.com/works/80854,49,474,10.34%,6.08
https://eternalinkpoems.com/works/11491,49,215,22.79%,4.64
https://eternalinkpoems.com/works/10356,44,2900,1.52%,9.77
https://eternalinkpoems.com/works/387576,43,667,6.45%,5.05
https://eternalinkpoems.com/works/577659,41,229,17.9%,4.37
https://eternalinkpoems.com/works/636618,38,283,13.43%,4.88
https://eternalinkpoems.com/works/640146,37,557,6.64%,7.03
https://eternalinkpoems.com/works/605859,36,321,11.21%,7.4
https://eternalinkpoems.com/works/11622,35,501,6.99%,6.54
https://eternalinkpoems.com/works/10136,35,293,11.95%,4.89
https://eternalinkpoems.com/works/640162,31,224,13.84%,8.47
https://eternalinkpoems.com/works/11192,30,531,5.65%,8.18
https://eternalinkpoems.com/works/11478,30,365,8.22%,8.13
https://eternalinkpoems.com/works/110530,28,577,4.85%,4.65
https://eternalinkpoems.com/works/636377,28,460,6.09%,4.96
https://eternalinkpoems.com/works/11492,28,248,11.29%,5.4
https://eternalinkpoems.com/works/638787,28,242,11.57%,7.08
https://eternalinkpoems.com/works/634766,27,391,6.91%,6.82
https://eternalinkpoems.com/works/11025,27,228,11.84%,7.48
https://eternalinkpoems.com/works/11993,26,524,4.96%,7.11
https://eternalinkpoems.com/works/634435,26,125,20.8%,6.18
https://eternalinkpoems.com/works/10208,25,1657,1.51%,7.99
https://eternalinkpoems.com/works/634764,24,122,19.67%,6.04
https://eternalinkpoems.com/works/10272,23,543,4.24%,7.41
https://eternalinkpoems.com/works/11716,23,368,6.25%,5.51
https://eternalinkpoems.com/works/100121,23,99,23.23%,2.95
https://eternalinkpoems.com/works/10455,22,935,2.35%,7.54
https://eternalinkpoems.com/works/10575,22,475,4.63%,7.72
https://eternalinkpoems.com/works/629912,22,233,9.44%,6.88
https://eternalinkpoems.com/works/634770,22,203,10.84%,5.19
https://eternalinkpoems.com/works/633461,22,193,11.4%,7.37
https://eternalinkpoems.com/works/633803,22,162,13.58%,6.06
https://eternalinkpoems.com/works/10423,21,1769,1.19%,8.14
https://eternalinkpoems.com/works/10606,21,515,4.08%,6.88
https://eternalinkpoems.com/works/634801,21,235,8.94%,7.25
https://eternalinkpoems.com/works/323340,21,130,16.15%,6.85
https://eternalinkpoems.com/works/10660,20,467,4.28%,6.79
https://eternalinkpoems.com/works/89967,20,446,4.48%,7.2
https://eternalinkpoems.com/works/634815,20,122,16.39%,4.93
https://eternalinkpoems.com/works/638835,20,121,16.53%,4.56
https://eternalinkpoems.com/works/226945,19,204,9.31%,4.59
https://eternalinkpoems.com/works/12437,19,173,10.98%,5.32
https://eternalinkpoems.com/works/637056,18,166,10.84%,4.92
https://eternalinkpoems.com/works/10969,17,1057,1.61%,10.9
https://eternalinkpoems.com/works/10610,17,365,4.66%,6.08
https://eternalinkpoems.com/works/11032,17,285,5.96%,5.49
https://eternalinkpoems.com/works/637641,17,200,8.5%,6.89
https://eternalinkpoems.com/works/638807,17,198,8.59%,6.24
https://eternalinkpoems.com/works/87080,17,167,10.18%,6.82
https://eternalinkpoems.com/works/637771,17,92,18.48%,8.32
https://eternalinkpoems.com/works/10527,16,852,1.88%,7.95
https://eternalinkpoems.com/works/10621,16,609,2.63%,6.8
https://eternalinkpoems.com/works/638769,16,401,3.99%,10.67
https://eternalinkpoems.com/works/10446,16,351,4.56%,7.57
https://eternalinkpoems.com/works/634583,16,190,8.42%,4.94
https://eternalinkpoems.com/works/633808,16,169,9.47%,7.22
https://eternalinkpoems.com/works/10971,16,155,10.32%,6.19
https://eternalinkpoems.com/works/10088,15,649,2.31%,10.99
https://eternalinkpoems.com/works/10619,15,415,3.61%,7.54
https://eternalinkpoems.com/works/11170,15,412,3.64%,13.48
https://eternalinkpoems.com/works/108602,15,135,11.11%,6.53
https://eternalinkpoems.com/works/636487,15,116,12.93%,4.47
https://eternalinkpoems.com/works/99008,14,264,5.3%,6.52
https://eternalinkpoems.com/works/10067,14,240,5.83%,14.1
https://eternalinkpoems.com/works/11300,14,233,6.01%,6.6
https://eternalinkpoems.com/works/73631,14,52,26.92%,6.88
https://eternalinkpoems.com/works/11396,13,372,3.49%,6.76
https://eternalinkpoems.com/works/10099,13,334,3.89%,11.1
https://eternalinkpoems.com/works/11013,13,268,4.85%,7.16
https://eternalinkpoems.com/works/637722,13,206,6.31%,5.82
https://eternalinkpoems.com/works/10622,13,197,6.6%,10.2
https://eternalinkpoems.com/works/633565,13,172,7.56%,5.18
https://eternalinkpoems.com/works/638818,13,169,7.69%,6.05
https://eternalinkpoems.com/works/84477,13,129,10.08%,9.58
https://eternalinkpoems.com/works/635209,13,67,19.4%,4.24
https://eternalinkpoems.com/works/10209,12,485,2.47%,28.81
https://eternalinkpoems.com/works/10294,12,483,2.48%,9.23
https://eternalinkpoems.com/works/11395,12,453,2.65%,8.35
https://eternalinkpoems.com/works/634322,12,295,4.07%,6.54
https://eternalinkpoems.com/works/12026,12,272,4.41%,6.78
https://eternalinkpoems.com/works/634263,12,259,4.63%,8.25
https://eternalinkpoems.com/works/10986,12,255,4.71%,9.74
https://eternalinkpoems.com/works/11258,12,222,5.41%,6.99
https://eternalinkpoems.com/works/11295,12,221,5.43%,6.41
https://eternalinkpoems.com/works/642953,12,187,6.42%,8.54
https://eternalinkpoems.com/works/10126,12,175,6.86%,6.38
https://eternalinkpoems.com/works/639905,12,58,20.69%,9.81
https://eternalinkpoems.com/works/640163,12,46,26.09%,4.57
https://eternalinkpoems.com/works/10214,11,828,1.33%,16.29
https://eternalinkpoems.com/works/630414,11,543,2.03%,8.38
https://eternalinkpoems.com/works/634259,11,437,2.52%,7.73
https://eternalinkpoems.com/works/638779,11,376,2.93%,9.66
https://eternalinkpoems.com/works/637094,11,323,3.41%,8.97
https://eternalinkpoems.com/works/10623,11,316,3.48%,7.84
https://eternalinkpoems.com/works/10242,11,279,3.94%,20.14
https://eternalinkpoems.com/works/12010,11,216,5.09%,7.99
https://eternalinkpoems.com/works/12502,11,182,6.04%,10.53
https://eternalinkpoems.com/works/12453,11,137,8.03%,5.91
https://eternalinkpoems.com/works/633570,11,90,12.22%,6.36
https://eternalinkpoems.com/works/640429,11,50,22%,5.52
https://eternalinkpoems.com/works/640792,11,30,36.67%,3.53
https://eternalinkpoems.com/works/10277,10,699,1.43%,14.68
https://eternalinkpoems.com/works/10988,10,552,1.81%,6.89
https://eternalinkpoems.com/works/11174,10,515,1.94%,8.88
https://eternalinkpoems.com/works/117092,10,509,1.96%,8.86
https://eternalinkpoems.com/works/634139,10,412,2.43%,8.11
https://eternalinkpoems.com/works/89157,10,316,3.16%,7.77
https://eternalinkpoems.com/works/10500,10,313,3.19%,7.16
https://eternalinkpoems.com/works/643731,10,289,3.46%,9.97
https://eternalinkpoems.com/works/634385,10,270,3.7%,8.17
https://eternalinkpoems.com/works/638813,10,187,5.35%,8.44
https://eternalinkpoems.com/works/21284,10,185,5.41%,7.55
https://eternalinkpoems.com/works/637402,10,167,5.99%,7.93
https://eternalinkpoems.com/works/83762,10,143,6.99%,8.12
https://eternalinkpoems.com/works/629618,10,118,8.47%,8.08
https://eternalinkpoems.com/works/636918,10,117,8.55%,7.23
https://eternalinkpoems.com/works/89939,10,98,10.2%,6.79
https://eternalinkpoems.com/works/643451,10,83,12.05%,12.42
https://eternalinkpoems.com/works/634802,10,77,12.99%,4.74
https://eternalinkpoems.com/works/11578,10,75,13.33%,9.8
https://eternalinkpoems.com/works/640031,10,30,33.33%,8.1
https://eternalinkpoems.com/works/10128,9,841,1.07%,16.42
https://eternalinkpoems.com/works/10068,9,515,1.75%,23.9
https://eternalinkpoems.com/works/628005,9,481,1.87%,9.71
https://eternalinkpoems.com/works/634390,9,321,2.8%,8.56
https://eternalinkpoems.com/works/636721,9,298,3.02%,20.99
https://eternalinkpoems.com/works/638243,9,282,3.19%,4.99
https://eternalinkpoems.com/works/10102,9,280,3.21%,6.86
https://eternalinkpoems.com/works/635182,9,262,3.44%,3.45
https://eternalinkpoems.com/works/633873,9,207,4.35%,8.85
https://eternalinkpoems.com/works/10526,9,202,4.46%,8.29
https://eternalinkpoems.com/works/10063,9,202,4.46%,9.49
https://eternalinkpoems.com/works/11908,9,188,4.79%,9.95
https://eternalinkpoems.com/works/642191,9,92,9.78%,4.26
https://eternalinkpoems.com/works/642252,9,73,12.33%,4.79
https://eternalinkpoems.com/works/643016,9,66,13.64%,7.02
https://eternalinkpoems.com/works/629879,9,57,15.79%,5.35
https://eternalinkpoems.com/works/640947,9,57,15.79%,6.95
https://eternalinkpoems.com/works/633498,9,47,19.15%,5.17
https://eternalinkpoems.com/works/641627,9,22,40.91%,3.09
https://eternalinkpoems.com/works/11390,8,659,1.21%,9.82
https://eternalinkpoems.com/works/11179,8,547,1.46%,8.38
https://eternalinkpoems.com/works/468190,8,395,2.03%,6.9
https://eternalinkpoems.com/works/11952,8,376,2.13%,7.72
https://eternalinkpoems.com/works/10001,8,310,2.58%,10.09
https://eternalinkpoems.com/works/10973,8,306,2.61%,9.21
https://eternalinkpoems.com/works/10280,8,284,2.82%,11.11
https://eternalinkpoems.com/works/10629,8,282,2.84%,8.06
https://eternalinkpoems.com/works/633857,8,281,2.85%,8.63
https://eternalinkpoems.com/works/10385,8,267,3%,8.62
https://eternalinkpoems.com/works/638772,8,246,3.25%,8.41
https://eternalinkpoems.com/works/12446,8,232,3.45%,7.6
https://eternalinkpoems.com/works/633871,8,221,3.62%,8.57
https://eternalinkpoems.com/works/633993,8,214,3.74%,6.07
https://eternalinkpoems.com/works/10776,8,214,3.74%,6.36
https://eternalinkpoems.com/works/11849,8,203,3.94%,7.86
https://eternalinkpoems.com/works/10710,8,192,4.17%,6.8
https://eternalinkpoems.com/works/10572,8,186,4.3%,7.24
https://eternalinkpoems.com/works/630411,8,173,4.62%,7.61
https://eternalinkpoems.com/works/639978,8,168,4.76%,9.29
https://eternalinkpoems.com/works/10098,8,163,4.91%,12.45
https://eternalinkpoems.com/works/636642,8,158,5.06%,4.43
https://eternalinkpoems.com/works/642945,8,148,5.41%,8.44
https://eternalinkpoems.com/works/642706,8,148,5.41%,9.63
https://eternalinkpoems.com/works/12505,8,135,5.93%,7.13
https://eternalinkpoems.com/works/640747,8,134,5.97%,7.49
https://eternalinkpoems.com/works/10095,8,134,5.97%,8.56
https://eternalinkpoems.com/works/10549,8,112,7.14%,6.49
https://eternalinkpoems.com/works/633706,8,94,8.51%,13.73
https://eternalinkpoems.com/works/468340,8,77,10.39%,10.16
https://eternalinkpoems.com/works/11627,8,69,11.59%,9
https://eternalinkpoems.com/works/639892,8,68,11.76%,13.5
https://eternalinkpoems.com/works/12394,8,57,14.04%,6.68
https://eternalinkpoems.com/works/640160,8,53,15.09%,8.51
https://eternalinkpoems.com/works/640941,8,45,17.78%,5.82
https://eternalinkpoems.com/works/10350,7,449,1.56%,15.76
https://eternalinkpoems.com/works/11416,7,360,1.94%,9.5
https://eternalinkpoems.com/works/10191,7,320,2.19%,11.81
https://eternalinkpoems.com/works/634381,7,280,2.5%,7.74
https://eternalinkpoems.com/works/634509,7,261,2.68%,11.91
https://eternalinkpoems.com/works/637063,7,223,3.14%,7.26
https://eternalinkpoems.com/works/634412,7,217,3.23%,7.43
https://eternalinkpoems.com/works/10049,7,211,3.32%,10.35
https://eternalinkpoems.com/works/10590,7,203,3.45%,8.65
https://eternalinkpoems.com/works/10470,7,191,3.66%,6.29
https://eternalinkpoems.com/works/450547,7,164,4.27%,7.4
https://eternalinkpoems.com/,7,163,4.29%,9.24
https://eternalinkpoems.com/works/10330,7,154,4.55%,11.39
https://eternalinkpoems.com/works/636611,7,140,5%,5.2
https://eternalinkpoems.com/works/633511,7,128,5.47%,7.25
https://eternalinkpoems.com/works/94960,7,127,5.51%,8.06
https://eternalinkpoems.com/works/11880,7,124,5.65%,7.29
https://eternalinkpoems.com/works/639841,7,98,7.14%,11.92
https://eternalinkpoems.com/works/638864,7,92,7.61%,6.5
https://eternalinkpoems.com/authors/32455,7,79,8.86%,4.72
https://eternalinkpoems.com/works/643735,7,78,8.97%,5.83
https://eternalinkpoems.com/works/640849,7,54,12.96%,10.35
https://eternalinkpoems.com/works/640000,7,49,14.29%,10.51
https://eternalinkpoems.com/works/67352,7,46,15.22%,5.24
https://eternalinkpoems.com/works/479796,7,46,15.22%,5.43
https://eternalinkpoems.com/works/12444,7,28,25%,4.61
https://eternalinkpoems.com/works/10524,6,560,1.07%,8.2
https://eternalinkpoems.com/works/637809,6,489,1.23%,8.2
https://eternalinkpoems.com/works/12032,6,437,1.37%,7.45
https://eternalinkpoems.com/works/10154,6,387,1.55%,27.1
https://eternalinkpoems.com/works/633642,6,382,1.57%,8.04
https://eternalinkpoems.com/works/637718,6,366,1.64%,8.1
https://eternalinkpoems.com/works/84064,6,314,1.91%,8.03
https://eternalinkpoems.com/works/633917,6,311,1.93%,11.06
https://eternalinkpoems.com/works/11033,6,283,2.12%,8.08
https://eternalinkpoems.com/works/637548,6,260,2.31%,7.94
https://eternalinkpoems.com/works/637808,6,242,2.48%,11.32
https://eternalinkpoems.com/works/11809,6,218,2.75%,8.97
https://eternalinkpoems.com/works/10532,6,208,2.88%,12.58
https://eternalinkpoems.com/works/11465,6,206,2.91%,8.28
https://eternalinkpoems.com/works/634572,6,190,3.16%,5.64
https://eternalinkpoems.com/works/633826,6,186,3.23%,6.55
https://eternalinkpoems.com/works/10284,6,183,3.28%,12.09
https://eternalinkpoems.com/works/75858,6,179,3.35%,7.83
https://eternalinkpoems.com/works/10746,6,177,3.39%,8.58
https://eternalinkpoems.com/works/88432,6,174,3.45%,7.44
https://eternalinkpoems.com/works/450567,6,155,3.87%,5.59
https://eternalinkpoems.com/works/636910,6,152,3.95%,16.65
https://eternalinkpoems.com/works/10148,6,150,4%,11.34
https://eternalinkpoems.com/works/10614,6,146,4.11%,5.93
https://eternalinkpoems.com/works/10649,6,141,4.26%,8.99
https://eternalinkpoems.com/works/10802,6,131,4.58%,8.08
https://eternalinkpoems.com/works/12178,6,126,4.76%,10.4
https://eternalinkpoems.com/works/633609,6,114,5.26%,3.08
https://eternalinkpoems.com/works/485859,6,111,5.41%,7.63
https://eternalinkpoems.com/works/12419,6,109,5.5%,8.35
https://eternalinkpoems.com/works/511015,6,103,5.83%,5.87
https://eternalinkpoems.com/works/78635,6,92,6.52%,1.95
https://eternalinkpoems.com/works/635553,6,56,10.71%,8.36
https://eternalinkpoems.com/works/637096,6,54,11.11%,8.7
https://eternalinkpoems.com/works/636389,6,52,11.54%,7.25
https://eternalinkpoems.com/works/12256,6,49,12.24%,8.86
https://eternalinkpoems.com/works/630711,6,45,13.33%,12.07
https://eternalinkpoems.com/works/10368,6,38,15.79%,8.71
https://eternalinkpoems.com/works/610472,6,35,17.14%,8.89
https://eternalinkpoems.com/works/83251,6,33,18.18%,5.48
https://eternalinkpoems.com/works/642549,6,33,18.18%,7.33
https://eternalinkpoems.com/works/630539,6,30,20%,10.73
https://eternalinkpoems.com/works/639985,6,28,21.43%,12.68
https://eternalinkpoems.com/works/636509,6,22,27.27%,7.82
https://eternalinkpoems.com/works/640129,6,20,30%,17.5
https://eternalinkpoems.com/works/640818,6,18,33.33%,7.44
https://eternalinkpoems.com/works/638126,6,10,60%,2
https://eternalinkpoems.com/works/10092,5,811,0.62%,14.4
https://eternalinkpoems.com/works/10951,5,312,1.6%,8.25
https://eternalinkpoems.com/works/636931,5,312,1.6%,9.24
https://eternalinkpoems.com/works/634690,5,309,1.62%,11.99
https://eternalinkpoems.com/works/10597,5,284,1.76%,9.75
https://eternalinkpoems.com/works/11287,5,268,1.87%,9
https://eternalinkpoems.com/works/10454,5,258,1.94%,12.05
https://eternalinkpoems.com/works/12501,5,251,1.99%,8.75
https://eternalinkpoems.com/works/10671,5,229,2.18%,8.12
https://eternalinkpoems.com/works/10089,5,222,2.25%,18.1
https://eternalinkpoems.com/works/11851,5,212,2.36%,7.82
https://eternalinkpoems.com/works/10987,5,205,2.44%,9.53
https://eternalinkpoems.com/works/637583,5,202,2.48%,8.89
https://eternalinkpoems.com/works/11123,5,202,2.48%,9.03
https://eternalinkpoems.com/works/643937,5,198,2.53%,9.83
https://eternalinkpoems.com/works/10507,5,179,2.79%,7.34
https://eternalinkpoems.com/works/635773,5,171,2.92%,13.4
https://eternalinkpoems.com/works/637654,5,146,3.42%,10.99
https://eternalinkpoems.com/works/10853,5,136,3.68%,8.91
https://eternalinkpoems.com/works/56847,5,119,4.2%,5.84
https://eternalinkpoems.com/works/11121,5,110,4.55%,8.59
https://eternalinkpoems.com/works/11498,5,101,4.95%,11.21
https://eternalinkpoems.com/works/11847,5,100,5%,7.24
https://eternalinkpoems.com/works/10421,5,100,5%,9.76
https://eternalinkpoems.com/authors/26588,5,93,5.38%,7.02
https://eternalinkpoems.com/works/638783,5,90,5.56%,8.09
https://eternalinkpoems.com/works/643002,5,85,5.88%,7.98
https://eternalinkpoems.com/works/637615,5,79,6.33%,7.59
https://eternalinkpoems.com/works/640205,5,57,8.77%,7.05
https://eternalinkpoems.com/works/641524,5,56,8.93%,6.25
https://eternalinkpoems.com/works/643559,5,54,9.26%,5.35
https://eternalinkpoems.com/works/640441,5,52,9.62%,4.85
https://eternalinkpoems.com/works/11037,5,50,10%,4.94
https://eternalinkpoems.com/works/639828,5,49,10.2%,20.9
https://eternalinkpoems.com/works/634846,5,47,10.64%,4.66
https://eternalinkpoems.com/works/636684,5,44,11.36%,8.75
https://eternalinkpoems.com/works/643321,5,42,11.9%,7.14
https://eternalinkpoems.com/works/633659,5,39,12.82%,26.9
https://eternalinkpoems.com/works/641522,5,38,13.16%,7.03
https://eternalinkpoems.com/works/12087,5,38,13.16%,9.82
https://eternalinkpoems.com/works/89014,5,37,13.51%,6.27
https://eternalinkpoems.com/works/11734,5,31,16.13%,5.65
https://www.eternalinkpoems.com/works/640039,5,29,17.24%,10.59
https://eternalinkpoems.com/works/633950,5,28,17.86%,5.57
https://eternalinkpoems.com/authors/37060,5,26,19.23%,4
https://eternalinkpoems.com/collections/265,5,26,19.23%,5.15
https://eternalinkpoems.com/works/12008,5,24,20.83%,6.12
https://eternalinkpoems.com/works/634279,5,19,26.32%,5.74
https://eternalinkpoems.com/works/634079,5,18,27.78%,7.33
https://eternalinkpoems.com/works/640834,5,11,45.45%,15
https://eternalinkpoems.com/works/633782,5,9,55.56%,1.67
https://eternalinkpoems.com/works/515162,5,8,62.5%,3.62
https://eternalinkpoems.com/works/11018,4,407,0.98%,9.32
https://eternalinkpoems.com/works/10401,4,314,1.27%,14.9
https://eternalinkpoems.com/works/11190,4,266,1.5%,12.56
https://eternalinkpoems.com/works/633745,4,262,1.53%,11.75
https://eternalinkpoems.com/works/531194,4,237,1.69%,7.62
https://eternalinkpoems.com/works/547090,4,221,1.81%,6.61
https://eternalinkpoems.com/works/10270,4,211,1.9%,24.14
https://eternalinkpoems.com/works/633737,4,187,2.14%,6.07
https://eternalinkpoems.com/works/10551,4,187,2.14%,14.69
https://eternalinkpoems.com/works/11062,4,180,2.22%,10.76
https://eternalinkpoems.com/works/137579,4,176,2.27%,7.12
https://eternalinkpoems.com/works/11404,4,162,2.47%,9.69
https://eternalinkpoems.com/works/636927,4,156,2.56%,13.56
https://eternalinkpoems.com/works/12048,4,153,2.61%,19.69
https://eternalinkpoems.com/works/949598,4,149,2.68%,8.5
https://eternalinkpoems.com/works/10143,4,145,2.76%,14.46
https://eternalinkpoems.com/works/10020,4,121,3.31%,11.41
https://eternalinkpoems.com/works/636285,4,118,3.39%,10.76
https://eternalinkpoems.com/works/10534,4,118,3.39%,22.79
https://eternalinkpoems.com/works/637486,4,112,3.57%,6.99
https://eternalinkpoems.com/works/11511,4,107,3.74%,9.72
https://eternalinkpoems.com/works/640029,4,102,3.92%,12.11
https://eternalinkpoems.com/works/638809,4,96,4.17%,8.47
https://eternalinkpoems.com/works/87076,4,89,4.49%,8.1
https://eternalinkpoems.com/works/10740,4,82,4.88%,16.27
https://eternalinkpoems.com/works/110800,4,79,5.06%,5.78
https://eternalinkpoems.com/works/11720,4,78,5.13%,8.29
https://eternalinkpoems.com/works/643107,4,75,5.33%,7.79
https://eternalinkpoems.com/works/587970,4,73,5.48%,7.23
https://eternalinkpoems.com/works/634520,4,72,5.56%,8.31
https://eternalinkpoems.com/works/634146,4,70,5.71%,7.74
https://eternalinkpoems.com/works/638817,4,68,5.88%,11.69
https://eternalinkpoems.com/works/11089,4,67,5.97%,8.37
https://eternalinkpoems.com/works/89815,4,67,5.97%,8.72
https://eternalinkpoems.com/works/11657,4,66,6.06%,5.97
https://eternalinkpoems.com/works/639973,4,65,6.15%,9.28
https://eternalinkpoems.com/works/630503,4,64,6.25%,7.55
https://eternalinkpoems.com/works/637594,4,63,6.35%,7.05
https://eternalinkpoems.com/authors/37019,4,62,6.45%,9.19
https://eternalinkpoems.com/works/636417,4,62,6.45%,9.95
https://eternalinkpoems.com/works/634354,4,61,6.56%,4.25
https://eternalinkpoems.com/works/630576,4,61,6.56%,5.54
https://eternalinkpoems.com/works/468496,4,57,7.02%,7.96
https://eternalinkpoems.com/works/635677,4,56,7.14%,7.21
https://eternalinkpoems.com/works/636273,4,55,7.27%,7.07
https://eternalinkpoems.com/works/88559,4,52,7.69%,8.75
https://eternalinkpoems.com/works/10512,4,47,8.51%,8.77
https://eternalinkpoems.com/works/636320,4,46,8.7%,26.43
https://eternalinkpoems.com/works/636613,4,45,8.89%,5.51
https://eternalinkpoems.com/works/639938,4,45,8.89%,9.84
https://eternalinkpoems.com/works/949679,4,44,9.09%,8.8
https://eternalinkpoems.com/works/11499,4,44,9.09%,16.61
https://eternalinkpoems.com/works/635682,4,43,9.3%,11.12
https://eternalinkpoems.com/works/640147,4,41,9.76%,7.1
https://eternalinkpoems.com/works/639846,4,40,10%,20.35
https://eternalinkpoems.com/works/636332,4,39,10.26%,12.18
https://eternalinkpoems.com/works/640133,4,38,10.53%,19.71
https://eternalinkpoems.com/works/11907,4,38,10.53%,30.92
https://eternalinkpoems.com/works/640272,4,36,11.11%,20.39
https://eternalinkpoems.com/authors/11610,4,34,11.76%,6.38
https://eternalinkpoems.com/works/103548,4,32,12.5%,6.47
https://eternalinkpoems.com/works/640042,4,30,13.33%,18.4
https://eternalinkpoems.com/works/640118,4,29,13.79%,14.31
https://eternalinkpoems.com/works/11275,4,28,14.29%,7.36
https://eternalinkpoems.com/works/641533,4,28,14.29%,7.36
https://www.eternalinkpoems.com/works/639908,4,28,14.29%,10.25
https://eternalinkpoems.com/works/642674,4,27,14.81%,6.67
https://eternalinkpoems.com/works/638066,4,27,14.81%,11.3
https://eternalinkpoems.com/works/10989,4,25,16%,5.04
https://eternalinkpoems.com/works/641535,4,25,16%,6.16
https://eternalinkpoems.com/works/949778,4,25,16%,18.12
https://eternalinkpoems.com/works/633710,4,23,17.39%,12
https://eternalinkpoems.com/works/639910,4,23,17.39%,16
https://eternalinkpoems.com/works/615733,4,22,18.18%,6.91
https://eternalinkpoems.com/works/639933,4,22,18.18%,21.14
https://eternalinkpoems.com/works/468514,4,21,19.05%,11.33
https://eternalinkpoems.com/works/636349,4,21,19.05%,16.14
https://eternalinkpoems.com/works/11596,4,18,22.22%,11.72
https://eternalinkpoems.com/works/630545,4,17,23.53%,3.12
https://eternalinkpoems.com/works/640817,4,17,23.53%,5.65
https://eternalinkpoems.com/works/640066,4,17,23.53%,15.65
https://eternalinkpoems.com/works/634757,4,13,30.77%,2.62
https://eternalinkpoems.com/works/71157,4,13,30.77%,9.54
https://eternalinkpoems.com/works/635570,4,12,33.33%,2.08
https://eternalinkpoems.com/works/473053,4,12,33.33%,4.67
https://eternalinkpoems.com/works/427804,4,12,33.33%,6.83
https://eternalinkpoems.com/works/73625,4,11,36.36%,12.27
https://eternalinkpoems.com/works/10155,3,302,0.99%,13.47
https://eternalinkpoems.com/works/11133,3,296,1.01%,8.3
https://eternalinkpoems.com/works/10508,3,257,1.17%,9.01
https://eternalinkpoems.com/works/10603,3,246,1.22%,7.21
https://eternalinkpoems.com/works/10029,3,244,1.23%,29.93
https://eternalinkpoems.com/works/10222,3,223,1.35%,18.04
https://eternalinkpoems.com/works/11522,3,220,1.36%,29.22
https://eternalinkpoems.com/works/11696,3,214,1.4%,8.28
https://eternalinkpoems.com/works/11279,3,210,1.43%,7.59
https://eternalinkpoems.com/works/633493,3,210,1.43%,11.15
https://eternalinkpoems.com/works/634318,3,205,1.46%,7.88
https://eternalinkpoems.com/works/10974,3,204,1.47%,13.45
https://eternalinkpoems.com/works/472999,3,181,1.66%,7.06
https://eternalinkpoems.com/works/81173,3,161,1.86%,8.27
https://eternalinkpoems.com/works/11944,3,161,1.86%,11.01
https://eternalinkpoems.com/works/11729,3,160,1.88%,8.68
https://eternalinkpoems.com/works/10655,3,151,1.99%,11.83
https://eternalinkpoems.com/works/10430,3,147,2.04%,8.6
https://eternalinkpoems.com/works/633622,3,147,2.04%,9.57
https://eternalinkpoems.com/works/11296,3,146,2.05%,8.43
https://eternalinkpoems.com/works/637396,3,143,2.1%,8.01
https://eternalinkpoems.com/works/11666,3,130,2.31%,12.46
https://eternalinkpoems.com/works/10517,3,129,2.33%,8.34
https://eternalinkpoems.com/works/643650,3,125,2.4%,11.64
https://eternalinkpoems.com/works/10072,3,124,2.42%,11.19
https://eternalinkpoems.com/works/11790,3,123,2.44%,9.33
https://eternalinkpoems.com/works/634881,3,112,2.68%,12.29
https://eternalinkpoems.com/works/10409,3,111,2.7%,9.54
https://eternalinkpoems.com/works/10333,3,108,2.78%,11.03
https://eternalinkpoems.com/works/88224,3,106,2.83%,11.72
https://eternalinkpoems.com/works/637647,3,105,2.86%,6.59
https://eternalinkpoems.com/works/637042,3,104,2.88%,10.08
https://eternalinkpoems.com/works/87085,3,103,2.91%,9.07
https://eternalinkpoems.com/works/11733,3,103,2.91%,12.82
https://eternalinkpoems.com/works/83361,3,101,2.97%,6.86
https://eternalinkpoems.com/works/10607,3,101,2.97%,8.94
https://eternalinkpoems.com/works/10327,3,101,2.97%,20.89
https://eternalinkpoems.com/works/636665,3,96,3.12%,20.24
https://eternalinkpoems.com/works/637055,3,93,3.23%,7.68
https://eternalinkpoems.com/works/637044,3,93,3.23%,9.92
https://eternalinkpoems.com/works/12074,3,93,3.23%,13.16
https://eternalinkpoems.com/works/636272,3,85,3.53%,9.71
https://eternalinkpoems.com/works/10241,3,85,3.53%,20.01
https://eternalinkpoems.com/works/629012,3,81,3.7%,8.37
https://eternalinkpoems.com/works/633870,3,81,3.7%,9.74
https://eternalinkpoems.com/works/322855,3,80,3.75%,6.5
https://eternalinkpoems.com/works/637602,3,80,3.75%,18.84
https://eternalinkpoems.com/works/10184,3,77,3.9%,13.16
https://eternalinkpoems.com/works/642681,3,77,3.9%,13.25
https://eternalinkpoems.com/works/468441,3,76,3.95%,7.79
https://eternalinkpoems.com/works/111003,3,75,4%,8.53
https://eternalinkpoems.com/works/121225,3,75,4%,12.24
https://eternalinkpoems.com/works/85033,3,74,4.05%,10.85
https://eternalinkpoems.com/works/633874,3,72,4.17%,4.97
https://eternalinkpoems.com/works/310977,3,71,4.23%,6.7
https://eternalinkpoems.com/works/10506,3,70,4.29%,8.16
https://eternalinkpoems.com/works/633494,3,70,4.29%,10.27
https://eternalinkpoems.com/works/10742,3,69,4.35%,10.09
https://eternalinkpoems.com/works/630522,3,66,4.55%,9.45
https://eternalinkpoems.com/works/84062,3,63,4.76%,8.32
https://eternalinkpoems.com/works/60043,3,62,4.84%,6.74
https://eternalinkpoems.com/works/11124,3,62,4.84%,19.69
https://eternalinkpoems.com/works/10186,3,61,4.92%,9.38
https://eternalinkpoems.com/works/639865,3,61,4.92%,11.44
https://eternalinkpoems.com/works/51197,3,60,5%,5.33
https://eternalinkpoems.com/works/639977,3,60,5%,7.35
https://eternalinkpoems.com/works/634699,3,59,5.08%,9.05
https://eternalinkpoems.com/works/11330,3,58,5.17%,17.71
https://eternalinkpoems.com/works/66562,3,57,5.26%,6.98
https://eternalinkpoems.com/works/11347,3,55,5.45%,7.75
https://eternalinkpoems.com/works/10796,3,55,5.45%,10.44
https://eternalinkpoems.com/works/98512,3,55,5.45%,10.47
https://eternalinkpoems.com/works/640791,3,54,5.56%,6.56
https://eternalinkpoems.com/works/639901,3,54,5.56%,11.24
https://eternalinkpoems.com/works/10592,3,53,5.66%,7.92
https://eternalinkpoems.com/works/10346,3,53,5.66%,20.87
https://eternalinkpoems.com/works/637077,3,51,5.88%,9.12
https://eternalinkpoems.com/works/11684,3,50,6%,10.94
https://eternalinkpoems.com/works/633742,3,50,6%,15.36
https://eternalinkpoems.com/works/11234,3,49,6.12%,5.59
https://eternalinkpoems.com/works/310819,3,49,6.12%,6.73
https://eternalinkpoems.com/works/630504,3,48,6.25%,6.96
https://eternalinkpoems.com/works/634747,3,47,6.38%,6.32
https://eternalinkpoems.com/works/633670,3,47,6.38%,27.79
https://eternalinkpoems.com/works/83826,3,45,6.67%,8.76
https://eternalinkpoems.com/works/10194,3,45,6.67%,25.64
https://eternalinkpoems.com/works/636722,3,45,6.67%,26.93
https://eternalinkpoems.com/works/636201,3,44,6.82%,7.66
https://eternalinkpoems.com/works/637119,3,44,6.82%,19.14
https://eternalinkpoems.com/works/634010,3,43,6.98%,10.09
https://eternalinkpoems.com/works/634081,3,41,7.32%,7.29
https://eternalinkpoems.com/works/643371,3,38,7.89%,6.66
https://eternalinkpoems.com/works/111362,3,36,8.33%,9.11
https://eternalinkpoems.com/works/633724,3,36,8.33%,11.78
https://eternalinkpoems.com/works/116679,3,32,9.38%,9.06
https://eternalinkpoems.com/works/639824,3,32,9.38%,11.56
https://eternalinkpoems.com/authors/37005,3,31,9.68%,4.87
https://eternalinkpoems.com/works/10486,3,30,10%,6.57
https://eternalinkpoems.com/works/642628,3,30,10%,9.37
https://eternalinkpoems.com/works/639843,3,30,10%,9.5
https://eternalinkpoems.com/works/640049,3,30,10%,16.5
https://eternalinkpoems.com/works/640824,3,29,10.34%,4.59
https://eternalinkpoems.com/works/11325,3,29,10.34%,7.83
https://eternalinkpoems.com/works/630680,3,29,10.34%,10.52
https://eternalinkpoems.com/works/634816,3,26,11.54%,7.62
https://eternalinkpoems.com/works/504912,3,26,11.54%,8.85
https://eternalinkpoems.com/works/636756,3,25,12%,5.04
https://eternalinkpoems.com/works/630495,3,25,12%,10.72
https://eternalinkpoems.com/works/639959,3,25,12%,24.32
https://eternalinkpoems.com/works/11019,3,23,13.04%,5.83
https://eternalinkpoems.com/works/637556,3,23,13.04%,9.22
https://eternalinkpoems.com/works/11860,3,23,13.04%,10.7
https://eternalinkpoems.com/works/639851,3,23,13.04%,29.3
https://eternalinkpoems.com/works/639990,3,22,13.64%,9.5
https://eternalinkpoems.com/works/11840,3,22,13.64%,15.18
https://eternalinkpoems.com/works/92111,3,21,14.29%,5.19
https://eternalinkpoems.com/works/643884,3,21,14.29%,5.33
https://eternalinkpoems.com/works/636342,3,20,15%,22.8
https://eternalinkpoems.com/works/639024,3,19,15.79%,5
https://eternalinkpoems.com/works/11477,3,19,15.79%,8.16
https://eternalinkpoems.com/works/635383,3,18,16.67%,4.22
https://eternalinkpoems.com/works/643116,3,17,17.65%,5.18
https://eternalinkpoems.com/works/642689,3,17,17.65%,9.65
https://eternalinkpoems.com/works/11412,3,17,17.65%,14.76
https://eternalinkpoems.com/works/640068,3,17,17.65%,36
https://eternalinkpoems.com/authors/10257,3,16,18.75%,14.81
https://eternalinkpoems.com/works/637122,3,15,20%,18.33
https://eternalinkpoems.com/works/643823,3,14,21.43%,3.79
https://eternalinkpoems.com/works/645867,3,13,23.08%,7.08
https://eternalinkpoems.com/works/636546,3,13,23.08%,16.62
https://eternalinkpoems.com/works/641519,3,12,25%,3.17
https://eternalinkpoems.com/works/950027,3,11,27.27%,4.09
https://eternalinkpoems.com/works/643046,3,11,27.27%,7.45
https://eternalinkpoems.com/works/640001,3,11,27.27%,27.55
https://eternalinkpoems.com/works/83444,3,10,30%,2.7
https://eternalinkpoems.com/works/601395,3,10,30%,6.8
https://eternalinkpoems.com/works/639897,3,10,30%,56.8
https://eternalinkpoems.com/works/11628,3,9,33.33%,1.56
https://eternalinkpoems.com/works/11640,3,9,33.33%,5.22
https://eternalinkpoems.com/works/638396,3,9,33.33%,5.33
https://eternalinkpoems.com/works/640028,3,9,33.33%,15.89
https://eternalinkpoems.com/works/468343,3,8,37.5%,5
https://eternalinkpoems.com/works/638990,3,8,37.5%,9.5
https://eternalinkpoems.com/works/67221,3,7,42.86%,5.14
https://eternalinkpoems.com/works/638858,3,6,50%,1
https://eternalinkpoems.com/authors/10211,3,6,50%,2.67
https://eternalinkpoems.com/works/12063,3,6,50%,3.17
https://eternalinkpoems.com/works/209514,3,5,60%,23
https://eternalinkpoems.com/works/546233,3,4,75%,3.5
https://www.eternalinkpoems.com/works/634732,3,4,75%,5.25
https://eternalinkpoems.com/works/10601,2,379,0.53%,23.95
https://eternalinkpoems.com/works/614975,2,300,0.67%,6.91
https://eternalinkpoems.com/works/10123,2,213,0.94%,10.08
https://eternalinkpoems.com/works/630493,2,212,0.94%,6.32
https://eternalinkpoems.com/works/11267,2,210,0.95%,8.54
https://eternalinkpoems.com/works/310792,2,199,1.01%,9.92
https://eternalinkpoems.com/works/10212,2,196,1.02%,15.92
https://eternalinkpoems.com/works/635769,2,183,1.09%,14.84
https://eternalinkpoems.com/works/11120,2,179,1.12%,10.06
https://eternalinkpoems.com/works/10679,2,175,1.14%,10.02
https://eternalinkpoems.com/works/10097,2,175,1.14%,13.58
https://eternalinkpoems.com/works/643753,2,168,1.19%,33.84
https://eternalinkpoems.com/works/10608,2,164,1.22%,9.54
https://eternalinkpoems.com/works/11902,2,163,1.23%,7.46
https://eternalinkpoems.com/works/11655,2,162,1.23%,6.9
https://eternalinkpoems.com/works/638775,2,162,1.23%,8.04
https://eternalinkpoems.com/works/10639,2,161,1.24%,10.43
https://eternalinkpoems.com/works/85006,2,149,1.34%,7.46
https://eternalinkpoems.com/works/10283,2,145,1.38%,30.17
https://eternalinkpoems.com/works/10039,2,136,1.47%,15.96
https://eternalinkpoems.com/works/11406,2,132,1.52%,6.53
https://eternalinkpoems.com/works/11292,2,132,1.52%,9.37
https://eternalinkpoems.com/works/11271,2,130,1.54%,64.12
https://eternalinkpoems.com/works/11149,2,128,1.56%,9.38
https://eternalinkpoems.com/works/10289,2,127,1.57%,11.22
https://eternalinkpoems.com/works/10537,2,125,1.6%,9.9
https://eternalinkpoems.com/works/634742,2,125,1.6%,10.89
https://eternalinkpoems.com/works/642593,2,120,1.67%,11.69
https://eternalinkpoems.com/works/11735,2,119,1.68%,7.85
https://eternalinkpoems.com/works/529398,2,118,1.69%,9.25
https://eternalinkpoems.com/works/634000,2,115,1.74%,7.6
https://eternalinkpoems.com/works/641237,2,113,1.77%,9.2
https://eternalinkpoems.com/works/12445,2,113,1.77%,17.09
https://eternalinkpoems.com/works/10077,2,113,1.77%,22.04
https://eternalinkpoems.com/works/75561,2,107,1.87%,8.42
https://eternalinkpoems.com/works/636271,2,104,1.92%,8.95
https://eternalinkpoems.com/works/10258,2,104,1.92%,13.51
https://eternalinkpoems.com/works/638780,2,103,1.94%,8.37
https://eternalinkpoems.com/works/636854,2,103,1.94%,9.04
https://eternalinkpoems.com/works/11719,2,99,2.02%,7.66
https://eternalinkpoems.com/works/11304,2,99,2.02%,9.59
https://eternalinkpoems.com/works/10541,2,99,2.02%,11.1
https://eternalinkpoems.com/works/11981,2,99,2.02%,14.95
https://eternalinkpoems.com/works/10135,2,97,2.06%,12.61
https://eternalinkpoems.com/works/10991,2,95,2.11%,7.56
https://eternalinkpoems.com/works/10875,2,93,2.15%,9.84
https://eternalinkpoems.com/works/12389,2,90,2.22%,8.67
https://eternalinkpoems.com/works/633495,2,86,2.33%,9.79
https://eternalinkpoems.com/works/10185,2,85,2.35%,27.58
https://eternalinkpoems.com/authors/10431,2,83,2.41%,6.83
https://eternalinkpoems.com/works/635554,2,82,2.44%,8.52
https://eternalinkpoems.com/works/10838,2,82,2.44%,12.88
https://eternalinkpoems.com/works/10880,2,82,2.44%,13.12
https://eternalinkpoems.com/works/468194,2,81,2.47%,8.83
https://eternalinkpoems.com/works/634251,2,81,2.47%,26.79
https://eternalinkpoems.com/works/637599,2,78,2.56%,6.88
https://eternalinkpoems.com/works/11076,2,78,2.56%,13.79
https://eternalinkpoems.com/works/642662,2,76,2.63%,8.74
https://eternalinkpoems.com/works/11502,2,74,2.7%,26.96
https://eternalinkpoems.com/works/10545,2,73,2.74%,9.48
https://eternalinkpoems.com/works/637623,2,72,2.78%,7.74
https://eternalinkpoems.com/works/87337,2,71,2.82%,7.86
https://eternalinkpoems.com/works/642594,2,71,2.82%,15.69
https://eternalinkpoems.com/works/12248,2,69,2.9%,8.46
https://eternalinkpoems.com/works/634838,2,68,2.94%,6.78
https://eternalinkpoems.com/works/11155,2,68,2.94%,12.41
https://eternalinkpoems.com/works/12049,2,68,2.94%,14.53
https://eternalinkpoems.com/works/10984,2,66,3.03%,10.73
https://eternalinkpoems.com/works/67357,2,65,3.08%,7.58
https://eternalinkpoems.com/works/641527,2,64,3.12%,8.8
https://eternalinkpoems.com/works/12272,2,63,3.17%,6.71
https://eternalinkpoems.com/works/10976,2,62,3.23%,15.02
https://eternalinkpoems.com/works/12012,2,62,3.23%,17.13
https://eternalinkpoems.com/works/634043,2,59,3.39%,9.75
https://eternalinkpoems.com/works/635131,2,58,3.45%,7.62
https://eternalinkpoems.com/works/11248,2,58,3.45%,11.69
https://eternalinkpoems.com/works/640201,2,57,3.51%,5.65
https://eternalinkpoems.com/works/10656,2,57,3.51%,9.04
https://eternalinkpoems.com/works/10075,2,56,3.57%,7.82
https://eternalinkpoems.com/works/633945,2,56,3.57%,45.93
https://eternalinkpoems.com/works/11129,2,55,3.64%,6.04
https://eternalinkpoems.com/works/88422,2,55,3.64%,8.85
https://eternalinkpoems.com/works/10491,2,55,3.64%,17.96
https://eternalinkpoems.com/works/12013,2,54,3.7%,7.87
https://eternalinkpoems.com/works/11518,2,53,3.77%,9.89
https://eternalinkpoems.com/works/477332,2,52,3.85%,7.65
https://eternalinkpoems.com/works/12476,2,51,3.92%,6.78
https://eternalinkpoems.com/works/468287,2,51,3.92%,8.55
https://eternalinkpoems.com/works/637451,2,51,3.92%,8.84
https://eternalinkpoems.com/works/12313,2,51,3.92%,13.55
https://eternalinkpoems.com/works/634935,2,50,4%,30.6
https://eternalinkpoems.com/works/634382,2,49,4.08%,11.06
https://eternalinkpoems.com/works/83465,2,48,4.17%,7.5
https://eternalinkpoems.com/works/10627,2,48,4.17%,7.81
https://eternalinkpoems.com/works/11006,2,48,4.17%,31.04
https://eternalinkpoems.com/works/638814,2,47,4.26%,11.4
https://eternalinkpoems.com/works/10983,2,46,4.35%,12.46
https://eternalinkpoems.com/works/11402,2,45,4.44%,7.04
https://eternalinkpoems.com/works/10147,2,45,4.44%,8.71
https://eternalinkpoems.com/works/11894,2,44,4.55%,6.16
https://eternalinkpoems.com/works/11291,2,44,4.55%,12.95
https://eternalinkpoems.com/works/633684,2,43,4.65%,21.91
https://www.eternalinkpoems.com/works/75859,2,42,4.76%,7.74
https://eternalinkpoems.com/works/636325,2,42,4.76%,9.79
https://eternalinkpoems.com/works/639825,2,42,4.76%,10.26
https://eternalinkpoems.com/authors/21582,2,41,4.88%,20.51
https://eternalinkpoems.com/works/11270,2,41,4.88%,25.44
https://eternalinkpoems.com/works/76026,2,40,5%,6.58
https://eternalinkpoems.com/works/10467,2,40,5%,8.6
https://eternalinkpoems.com/works/636912,2,40,5%,8.7
https://eternalinkpoems.com/works/11878,2,40,5%,10.43
https://eternalinkpoems.com/works/643051,2,38,5.26%,6.13
https://eternalinkpoems.com/works/10708,2,38,5.26%,11.74
https://eternalinkpoems.com/works/468087,2,38,5.26%,13.68
https://eternalinkpoems.com/works/637524,2,37,5.41%,6.65
https://eternalinkpoems.com/works/344843,2,37,5.41%,6.92
https://eternalinkpoems.com/works/639840,2,37,5.41%,18.03
https://eternalinkpoems.com/works/630530,2,36,5.56%,6.5
https://eternalinkpoems.com/works/630517,2,36,5.56%,7.75
https://eternalinkpoems.com/works/10768,2,36,5.56%,11.31
https://eternalinkpoems.com/works/634245,2,35,5.71%,7.94
https://eternalinkpoems.com/works/637658,2,35,5.71%,10.43
https://eternalinkpoems.com/works/949659,2,34,5.88%,5.88
https://eternalinkpoems.com/works/638784,2,34,5.88%,6.79
https://eternalinkpoems.com/works/10636,2,34,5.88%,15.5
https://eternalinkpoems.com/works/633450,2,34,5.88%,24.74
https://eternalinkpoems.com/works/640026,2,33,6.06%,48.3
https://eternalinkpoems.com/works/642904,2,32,6.25%,5.91
https://eternalinkpoems.com/works/637856,2,32,6.25%,6.34
https://eternalinkpoems.com/works/310821,2,32,6.25%,6.78
https://eternalinkpoems.com/works/643022,2,32,6.25%,7.91
https://eternalinkpoems.com/works/10462,2,32,6.25%,10
https://eternalinkpoems.com/works/636236,2,31,6.45%,6.77
https://eternalinkpoems.com/works/640752,2,31,6.45%,7.61
https://eternalinkpoems.com/works/634215,2,31,6.45%,10.61
https://eternalinkpoems.com/works/450564,2,31,6.45%,14.03
https://eternalinkpoems.com/works/640825,2,30,6.67%,10.83
https://eternalinkpoems.com/works/642599,2,30,6.67%,13.03
https://eternalinkpoems.com/works/12316,2,29,6.9%,7.76
https://eternalinkpoems.com/works/949599,2,28,7.14%,5.86
https://eternalinkpoems.com/works/11831,2,28,7.14%,30.79
https://eternalinkpoems.com/works/468329,2,27,7.41%,10.3
https://eternalinkpoems.com/works/633681,2,27,7.41%,12.22
https://eternalinkpoems.com/works/640125,2,27,7.41%,23.89
https://eternalinkpoems.com/works/375640,2,26,7.69%,7
https://eternalinkpoems.com/works/12261,2,26,7.69%,9.35
https://eternalinkpoems.com/works/11278,2,26,7.69%,9.62
https://eternalinkpoems.com/works/640797,2,26,7.69%,15.15
https://eternalinkpoems.com/authors/19313,2,25,8%,5.84
https://eternalinkpoems.com/works/629462,2,25,8%,5.96
https://www.eternalinkpoems.com/works/643052,2,25,8%,7.08
https://eternalinkpoems.com/works/633942,2,25,8%,7.48
https://eternalinkpoems.com/works/10702,2,25,8%,8.08
https://eternalinkpoems.com/authors/10309,2,25,8%,9
https://eternalinkpoems.com/works/634255,2,25,8%,14.68
https://eternalinkpoems.com/works/11171,2,25,8%,15.24
https://eternalinkpoems.com/works/486625,2,24,8.33%,7.54
https://eternalinkpoems.com/works/472904,2,24,8.33%,8.75
https://eternalinkpoems.com/works/630555,2,24,8.33%,9.5
https://eternalinkpoems.com/works/11724,2,24,8.33%,13.88
https://eternalinkpoems.com/works/642879,2,24,8.33%,14.25
https://eternalinkpoems.com/works/636407,2,24,8.33%,22.38
https://eternalinkpoems.com/works/11695,2,23,8.7%,6.65
https://eternalinkpoems.com/works/468534,2,23,8.7%,7.7
https://eternalinkpoems.com/works/637376,2,23,8.7%,9.35
https://eternalinkpoems.com/works/10911,2,23,8.7%,10.04
https://eternalinkpoems.com/works/88381,2,23,8.7%,15.35
https://eternalinkpoems.com/works/12131,2,23,8.7%,17.13
https://eternalinkpoems.com/works/57996,2,22,9.09%,4.86
https://eternalinkpoems.com/works/12375,2,22,9.09%,6.86
https://eternalinkpoems.com/works/633488,2,22,9.09%,7.64
https://eternalinkpoems.com/works/10932,2,22,9.09%,11.82
https://eternalinkpoems.com/works/504863,2,21,9.52%,4.1
https://eternalinkpoems.com/works/639983,2,21,9.52%,5.57
https://eternalinkpoems.com/works/25377,2,21,9.52%,6.19
https://eternalinkpoems.com/works/438987,2,21,9.52%,6.38
https://eternalinkpoems.com/works/468540,2,21,9.52%,7.19
https://eternalinkpoems.com/works/12470,2,21,9.52%,7.33
https://eternalinkpoems.com/works/639041,2,21,9.52%,7.62
https://eternalinkpoems.com/works/10683,2,21,9.52%,7.71
https://eternalinkpoems.com/works/74218,2,21,9.52%,10.05
https://eternalinkpoems.com/works/468314,2,21,9.52%,12.62
https://eternalinkpoems.com/works/643018,2,20,10%,8.3
https://eternalinkpoems.com/works/502352,2,20,10%,10
https://eternalinkpoems.com/works/88904,2,20,10%,10.75
https://eternalinkpoems.com/works/633679,2,20,10%,18.05
https://eternalinkpoems.com/works/11319,2,20,10%,27.7
https://eternalinkpoems.com/authors/36906,2,20,10%,33.15
https://www.eternalinkpoems.com/works/11109,2,19,10.53%,7.26
https://eternalinkpoems.com/works/639988,2,19,10.53%,8.95
https://eternalinkpoems.com/works/10529,2,19,10.53%,55.11
https://eternalinkpoems.com/works/640148,2,18,11.11%,5.78
https://eternalinkpoems.com/works/519165,2,18,11.11%,5.94
https://eternalinkpoems.com/works/310774,2,18,11.11%,6.44
https://eternalinkpoems.com/works/88648,2,18,11.11%,7.33
https://eternalinkpoems.com/works/11219,2,18,11.11%,13.22
https://eternalinkpoems.com/works/11636,2,18,11.11%,13.39
https://eternalinkpoems.com/works/436404,2,17,11.76%,7.76
https://eternalinkpoems.com/works/639974,2,17,11.76%,8.29
https://eternalinkpoems.com/authors/11290,2,17,11.76%,14.24
https://eternalinkpoems.com/works/640136,2,17,11.76%,15.06
https://eternalinkpoems.com/works/633709,2,17,11.76%,18.88
https://eternalinkpoems.com/works/504914,2,16,12.5%,7.5
https://eternalinkpoems.com/works/10492,2,16,12.5%,13.75
https://eternalinkpoems.com/works/11632,2,15,13.33%,3.53
https://eternalinkpoems.com/works/638994,2,15,13.33%,5.33
https://eternalinkpoems.com/works/83306,2,15,13.33%,5.8
https://eternalinkpoems.com/works/637051,2,15,13.33%,6.13
https://eternalinkpoems.com/works/10835,2,15,13.33%,8.07
https://www.eternalinkpoems.com/works/634245,2,15,13.33%,8.2
https://eternalinkpoems.com/works/12119,2,15,13.33%,9.33
https://eternalinkpoems.com/works/636418,2,15,13.33%,12.73
https://eternalinkpoems.com/works/640131,2,15,13.33%,36.73
https://eternalinkpoems.com/works/12434,2,14,14.29%,4.57
https://eternalinkpoems.com/works/12424,2,14,14.29%,5.57
https://eternalinkpoems.com/works/13139,2,14,14.29%,5.64
https://eternalinkpoems.com/works/640863,2,14,14.29%,11.36
https://eternalinkpoems.com/works/574340,2,14,14.29%,13.14
https://eternalinkpoems.com/works/636328,2,14,14.29%,21
https://eternalinkpoems.com/works/634094,2,13,15.38%,5.23
https://eternalinkpoems.com/works/633556,2,13,15.38%,7.54
https://eternalinkpoems.com/works/536155,2,13,15.38%,7.92
https://eternalinkpoems.com/works/11598,2,12,16.67%,4.33
https://eternalinkpoems.com/works/640828,2,12,16.67%,4.75
https://eternalinkpoems.com/works/577678,2,12,16.67%,4.83
https://eternalinkpoems.com/works/468226,2,12,16.67%,5.67
https://eternalinkpoems.com/works/636672,2,12,16.67%,6.17
https://eternalinkpoems.com/works/13156,2,12,16.67%,6.67
https://eternalinkpoems.com/works/637401,2,12,16.67%,7.17
https://eternalinkpoems.com/works/10763,2,12,16.67%,7.67
https://eternalinkpoems.com/works/468192,2,12,16.67%,10.92
https://eternalinkpoems.com/works/636550,2,12,16.67%,21.33
https://eternalinkpoems.com/works/639995,2,12,16.67%,27.5
https://eternalinkpoems.com/works/638886,2,11,18.18%,4.55
https://eternalinkpoems.com/works/634201,2,11,18.18%,6.91
https://eternalinkpoems.com/works/639984,2,11,18.18%,7.91
https://eternalinkpoems.com/works/640161,2,11,18.18%,8.45
https://eternalinkpoems.com/works/642702,2,11,18.18%,10.55
https://eternalinkpoems.com/works/643417,2,11,18.18%,10.82
https://eternalinkpoems.com/works/640137,2,11,18.18%,14.91
https://eternalinkpoems.com/authors/30948,2,11,18.18%,24.36
https://eternalinkpoems.com/works/636548,2,11,18.18%,27.36
https://eternalinkpoems.com/works/642079,2,10,20%,3.6
https://eternalinkpoems.com/works/636631,2,10,20%,5.5
https://eternalinkpoems.com/works/12133,2,10,20%,25
https://eternalinkpoems.com/works/523993,2,9,22.22%,4.44
https://eternalinkpoems.com/works/10555,2,9,22.22%,7.22
https://eternalinkpoems.com/works/375568,2,9,22.22%,7.67
https://eternalinkpoems.com/works/527829,2,9,22.22%,8.11
https://eternalinkpoems.com/works/636031,2,9,22.22%,15.11
https://eternalinkpoems.com/collections/1169,2,9,22.22%,28.56
https://eternalinkpoems.com/works/533021,2,8,25%,3.62
https://eternalinkpoems.com/works/10855,2,8,25%,5.62
https://eternalinkpoems.com/works/632224,2,8,25%,6.12
https://eternalinkpoems.com/works/639980,2,8,25%,6.38
https://eternalinkpoems.com/authors/36781,2,8,25%,10.12
https://eternalinkpoems.com/authors/11636,2,8,25%,16.12
https://eternalinkpoems.com/works/640124,2,8,25%,26.88
https://eternalinkpoems.com/works/589612,2,7,28.57%,4.14
https://eternalinkpoems.com/works/634740,2,7,28.57%,4.71
https://eternalinkpoems.com/works/642994,2,7,28.57%,5.14
https://eternalinkpoems.com/works/368522,2,7,28.57%,5.71
https://eternalinkpoems.com/authors/21170,2,7,28.57%,7.43
https://eternalinkpoems.com/works/468405,2,7,28.57%,14.29
https://eternalinkpoems.com/works/426932,2,7,28.57%,15.86
https://eternalinkpoems.com/works/13138,2,7,28.57%,16.71
https://eternalinkpoems.com/works/504906,2,7,28.57%,25
https://www.eternalinkpoems.com/works/640049,2,7,28.57%,44.43
https://eternalinkpoems.com/works/11605,2,6,33.33%,3
https://eternalinkpoems.com/works/12473,2,6,33.33%,4.67
https://eternalinkpoems.com/works/69490,2,6,33.33%,5.83
https://eternalinkpoems.com/works/12170,2,6,33.33%,6
https://eternalinkpoems.com/works/637398,2,6,33.33%,9.33
https://eternalinkpoems.com/works/637788,2,6,33.33%,10.17
https://eternalinkpoems.com/works/950018,2,6,33.33%,15.83
https://eternalinkpoems.com/works/11372,2,5,40%,1.6
https://eternalinkpoems.com/works/10766,2,5,40%,2.6
https://eternalinkpoems.com/works/637359,2,5,40%,8
https://eternalinkpoems.com/works/105352,2,4,50%,4
https://eternalinkpoems.com/works/576152,2,4,50%,4.5
https://eternalinkpoems.com/works/505636,2,4,50%,6.25
https://eternalinkpoems.com/works/93134,2,4,50%,7
https://eternalinkpoems.com/works/52311,2,4,50%,8
https://eternalinkpoems.com/works/10334,2,4,50%,8.25
https://eternalinkpoems.com/works/533541,2,4,50%,8.25
https://eternalinkpoems.com/collections/389,2,4,50%,32.5
https://eternalinkpoems.com/works/438687,2,3,66.67%,1
https://eternalinkpoems.com/works/615259,2,3,66.67%,2
https://eternalinkpoems.com/works/639080,2,3,66.67%,3
https://eternalinkpoems.com/works/605693,2,3,66.67%,3.67
https://eternalinkpoems.com/works/468559,2,3,66.67%,4.33
https://eternalinkpoems.com/works/640002,2,3,66.67%,5.33
https://eternalinkpoems.com/works/114374,2,3,66.67%,6.33
https://eternalinkpoems.com/works/471562,2,3,66.67%,7.33
https://eternalinkpoems.com/works/451367,2,2,100%,1
https://eternalinkpoems.com/works/638848,2,2,100%,1.5
https://eternalinkpoems.com/works/11917,2,2,100%,4
https://eternalinkpoems.com/works/11139,1,913,0.11%,8.43
https://eternalinkpoems.com/works/12410,1,240,0.42%,6.83
https://eternalinkpoems.com/works/10536,1,213,0.47%,40.14
https://eternalinkpoems.com/works/643741,1,208,0.48%,8.62
https://eternalinkpoems.com/works/10468,1,207,0.48%,8.68
https://eternalinkpoems.com/works/11357,1,204,0.49%,11.41
https://eternalinkpoems.com/works/10975,1,187,0.53%,10.18
https://eternalinkpoems.com/works/75861,1,173,0.58%,8.31
https://eternalinkpoems.com/works/504871,1,173,0.58%,8.33
https://eternalinkpoems.com/works/10650,1,162,0.62%,10.7
https://eternalinkpoems.com/works/11225,1,159,0.63%,6.92
https://eternalinkpoems.com/works/10027,1,156,0.64%,31.01
https://eternalinkpoems.com/works/10144,1,154,0.65%,19.55
https://eternalinkpoems.com/works/643754,1,147,0.68%,8.67
https://eternalinkpoems.com/works/10042,1,143,0.7%,21.06
https://eternalinkpoems.com/works/10197,1,139,0.72%,64.63
https://eternalinkpoems.com/works/642559,1,136,0.74%,7.69
https://eternalinkpoems.com/works/11731,1,135,0.74%,14.21
https://eternalinkpoems.com/authors/50649,1,134,0.75%,7.13
https://eternalinkpoems.com/works/645005,1,133,0.75%,29.86
https://eternalinkpoems.com/works/10400,1,128,0.78%,7.8
https://eternalinkpoems.com/works/10554,1,128,0.78%,8.94
https://eternalinkpoems.com/works/11007,1,128,0.78%,11.88
https://eternalinkpoems.com/works/10085,1,124,0.81%,49.59
https://eternalinkpoems.com/works/10145,1,121,0.83%,39.61
https://eternalinkpoems.com/works/633934,1,117,0.85%,31.51
https://eternalinkpoems.com/works/11106,1,115,0.87%,9.5
https://eternalinkpoems.com/works/89159,1,115,0.87%,9.64
https://eternalinkpoems.com/works/634211,1,114,0.88%,7.58
https://eternalinkpoems.com/works/643649,1,114,0.88%,32.18
https://eternalinkpoems.com/works/11039,1,113,0.88%,11.51
https://eternalinkpoems.com/works/637421,1,110,0.91%,9.71
https://eternalinkpoems.com/works/10674,1,109,0.92%,15.36
https://eternalinkpoems.com/works/11386,1,106,0.94%,6.21
https://eternalinkpoems.com/works/634704,1,106,0.94%,8.82
https://eternalinkpoems.com/works/11353,1,106,0.94%,16.25
https://eternalinkpoems.com/works/633770,1,105,0.95%,7.85
https://eternalinkpoems.com/works/10775,1,103,0.97%,10.53
https://eternalinkpoems.com/works/637653,1,103,0.97%,18.18
https://eternalinkpoems.com/works/10279,1,102,0.98%,15.94
https://eternalinkpoems.com/works/11697,1,101,0.99%,24.71
https://eternalinkpoems.com/works/10288,1,101,0.99%,28.07
https://eternalinkpoems.com/works/633735,1,100,1%,11.29
https://eternalinkpoems.com/works/10355,1,100,1%,13.89
https://eternalinkpoems.com/works/636718,1,100,1%,20.17
https://eternalinkpoems.com/works/634990,1,99,1.01%,11.89
https://eternalinkpoems.com/works/119015,1,98,1.02%,8.18
https://eternalinkpoems.com/works/12050,1,97,1.03%,12.72
https://eternalinkpoems.com/works/10594,1,95,1.05%,7.89
https://eternalinkpoems.com/works/11785,1,95,1.05%,9.43
https://eternalinkpoems.com/works/633930,1,93,1.08%,8.46
https://eternalinkpoems.com/works/431437,1,93,1.08%,9.58
https://eternalinkpoems.com/works/11349,1,92,1.09%,11.93
https://eternalinkpoems.com/works/637400,1,90,1.11%,7.27
https://eternalinkpoems.com/works/11103,1,90,1.11%,8.32
https://eternalinkpoems.com/works/949601,1,89,1.12%,18.66
https://eternalinkpoems.com/works/10523,1,86,1.16%,15.31
https://eternalinkpoems.com/works/638905,1,85,1.18%,5.53
https://eternalinkpoems.com/works/643761,1,85,1.18%,7.41
https://eternalinkpoems.com/works/10452,1,85,1.18%,8.73
https://eternalinkpoems.com/works/634041,1,84,1.19%,43.55
https://eternalinkpoems.com/authors/10020,1,83,1.2%,16.29
https://eternalinkpoems.com/authors/10059,1,83,1.2%,21.67
https://eternalinkpoems.com/works/10501,1,80,1.25%,7.64
https://eternalinkpoems.com/works/10598,1,80,1.25%,8.91
https://eternalinkpoems.com/works/11438,1,77,1.3%,12.36
https://eternalinkpoems.com/works/637620,1,76,1.32%,8.82
https://eternalinkpoems.com/works/12055,1,76,1.32%,9.5
https://eternalinkpoems.com/works/615205,1,75,1.33%,6.69
https://eternalinkpoems.com/works/642572,1,75,1.33%,21.27
https://eternalinkpoems.com/works/645006,1,75,1.33%,29.53
https://eternalinkpoems.com/works/11903,1,73,1.37%,8.88
https://eternalinkpoems.com/works/10031,1,73,1.37%,18.89
https://eternalinkpoems.com/works/630679,1,72,1.39%,10.07
https://eternalinkpoems.com/works/10121,1,72,1.39%,12.25
https://eternalinkpoems.com/works/11354,1,71,1.41%,8.56
https://eternalinkpoems.com/authors/10076,1,71,1.41%,15.77
https://eternalinkpoems.com/works/10260,1,69,1.45%,29.8
https://eternalinkpoems.com/works/637604,1,68,1.47%,9.26
https://eternalinkpoems.com/works/637038,1,66,1.52%,17.5
https://eternalinkpoems.com/works/634205,1,65,1.54%,8.78
https://eternalinkpoems.com/works/11135,1,65,1.54%,14.62
https://eternalinkpoems.com/works/10227,1,65,1.54%,21.92
https://eternalinkpoems.com/works/642613,1,64,1.56%,9.55
https://eternalinkpoems.com/works/12440,1,63,1.59%,6.33
https://eternalinkpoems.com/works/634748,1,63,1.59%,7.43
https://eternalinkpoems.com/works/103298,1,63,1.59%,8.97
https://eternalinkpoems.com/works/10628,1,62,1.61%,8.63
https://eternalinkpoems.com/works/11415,1,62,1.61%,14.06
https://eternalinkpoems.com/works/635148,1,61,1.64%,6.93
https://eternalinkpoems.com/works/10503,1,61,1.64%,7.51
https://eternalinkpoems.com/works/75150,1,61,1.64%,9.59
https://eternalinkpoems.com/works/22810,1,59,1.69%,4.93
https://eternalinkpoems.com/works/10420,1,59,1.69%,9.47
https://eternalinkpoems.com/works/633854,1,59,1.69%,10.49
https://eternalinkpoems.com/works/637483,1,59,1.69%,11.03
https://eternalinkpoems.com/works/78601,1,58,1.72%,7.07
https://eternalinkpoems.com/works/634850,1,57,1.75%,7.42
https://eternalinkpoems.com/works/10604,1,57,1.75%,7.46
https://eternalinkpoems.com/works/10544,1,57,1.75%,9.09
https://eternalinkpoems.com/works/11868,1,57,1.75%,9.93
https://eternalinkpoems.com/works/10744,1,57,1.75%,10.12
https://eternalinkpoems.com/works/642660,1,57,1.75%,15.81
https://eternalinkpoems.com/works/10074,1,57,1.75%,37.47
https://eternalinkpoems.com/works/634247,1,56,1.79%,10.43
https://eternalinkpoems.com/works/10620,1,56,1.79%,13.93
https://eternalinkpoems.com/works/630623,1,55,1.82%,6.96
https://eternalinkpoems.com/works/88557,1,55,1.82%,7
https://eternalinkpoems.com/works/10596,1,55,1.82%,8.67
https://eternalinkpoems.com/works/637575,1,55,1.82%,8.76
https://eternalinkpoems.com/works/88282,1,55,1.82%,8.93
https://eternalinkpoems.com/works/10771,1,55,1.82%,13.38
https://eternalinkpoems.com/works/637037,1,54,1.85%,18.24
https://eternalinkpoems.com/works/89216,1,53,1.89%,10.79
https://eternalinkpoems.com/works/642595,1,53,1.89%,13.6
https://eternalinkpoems.com/works/10747,1,51,1.96%,7.82
https://eternalinkpoems.com/works/116600,1,50,2%,9.42
https://eternalinkpoems.com/collections/409,1,50,2%,9.7
https://eternalinkpoems.com/works/949600,1,50,2%,36.4
https://eternalinkpoems.com/works/11360,1,49,2.04%,7.22
https://eternalinkpoems.com/works/10119,1,48,2.08%,9.6
https://eternalinkpoems.com/works/80033,1,48,2.08%,10.12
https://eternalinkpoems.com/works/10493,1,48,2.08%,40.79
https://eternalinkpoems.com/authors/10041,1,48,2.08%,53.79
https://eternalinkpoems.com/works/71570,1,47,2.13%,4.91
https://eternalinkpoems.com/works/637605,1,47,2.13%,7.19
https://eternalinkpoems.com/authors/10373,1,47,2.13%,8.7
https://eternalinkpoems.com/works/633841,1,47,2.13%,9.47
https://eternalinkpoems.com/works/11726,1,46,2.17%,11.46
https://eternalinkpoems.com/works/637598,1,46,2.17%,25.98
https://eternalinkpoems.com/works/635821,1,45,2.22%,6.84
https://eternalinkpoems.com/works/219761,1,45,2.22%,6.89
https://eternalinkpoems.com/works/10082,1,45,2.22%,9.89
https://eternalinkpoems.com/works/633624,1,45,2.22%,11.11
https://eternalinkpoems.com/works/11028,1,45,2.22%,14.93
https://eternalinkpoems.com/works/635198,1,44,2.27%,6.18
https://eternalinkpoems.com/works/11517,1,44,2.27%,12.16
https://eternalinkpoems.com/works/10952,1,43,2.33%,7.14
https://eternalinkpoems.com/works/634114,1,43,2.33%,8.95
https://eternalinkpoems.com/works/637420,1,43,2.33%,11.95
https://eternalinkpoems.com/works/69514,1,42,2.38%,6.74
https://eternalinkpoems.com/works/637518,1,42,2.38%,6.93
https://eternalinkpoems.com/works/637118,1,42,2.38%,10.6
https://eternalinkpoems.com/works/639107,1,42,2.38%,11.79
https://eternalinkpoems.com/works/642666,1,42,2.38%,12.57
https://eternalinkpoems.com/works/636297,1,41,2.44%,8.63
https://eternalinkpoems.com/works/642970,1,41,2.44%,10.54
https://eternalinkpoems.com/works/11111,1,40,2.5%,7.28
https://eternalinkpoems.com/works/637622,1,40,2.5%,7.55
https://eternalinkpoems.com/works/633771,1,40,2.5%,7.78
https://eternalinkpoems.com/authors/10395,1,40,2.5%,9.07
https://eternalinkpoems.com/works/637584,1,40,2.5%,13.85
https://eternalinkpoems.com/authors/10111,1,40,2.5%,19.23
https://eternalinkpoems.com/authors/13332,1,39,2.56%,10.05
https://eternalinkpoems.com/works/10046,1,39,2.56%,17.92
https://eternalinkpoems.com/works/610185,1,38,2.63%,6.45
https://eternalinkpoems.com/works/634054,1,38,2.63%,7.74